/*
SQLyog Community
MySQL - 8.0.18 : Database - ebi_phil
*********************************************************************
*/

/*!40101 SET NAMES utf8 */;

/*!40101 SET SQL_MODE=''*/;

/*!40014 SET @OLD_UNIQUE_CHECKS=@@UNIQUE_CHECKS, UNIQUE_CHECKS=0 */;
/*!40014 SET @OLD_FOREIGN_KEY_CHECKS=@@FOREIGN_KEY_CHECKS, FOREIGN_KEY_CHECKS=0 */;
/*!40101 SET @OLD_SQL_MODE=@@SQL_MODE, SQL_MODE='NO_AUTO_VALUE_ON_ZERO' */;
/*!40111 SET @OLD_SQL_NOTES=@@SQL_NOTES, SQL_NOTES=0 */;
/*Data for the table `aquaculture_method` */

/*Data for the table `cms_apicustom` */

/*Data for the table `cms_apikey` */

/*Data for the table `cms_dashboard` */

/*Data for the table `cms_email_queues` */

/*Data for the table `cms_email_templates` */

/*Data for the table `cms_menus` */
insert  into `cms_menus`(`id`,`name`,`type`,`path`,`color`,`icon`,`parent_id`,`is_active`,`is_dashboard`,`id_cms_privileges`,`sorting`,`created_at`,`updated_at`) values
(1,'国管理','Route','AdminCountriesControllerGetIndex','normal','fa fa-flag',0,0,0,1,5,'2019-01-02 11:28:32','2019-02-16 20:54:16'),
(2,'養殖場管理','Route','AdminFarmsControllerGetIndex','normal','fa fa-map',0,1,0,1,6,'2019-01-02 11:44:08','2019-02-16 22:59:56'),
(3,'ユーザ管理','Module','users','normal','fa fa-user',0,1,0,1,7,'2019-01-02 12:07:35','2019-02-21 09:40:00'),
(4,'作業マスター','Route','AdminWorksControllerGetIndex','normal','fa fa-legal',0,0,0,1,6,'2019-01-04 09:06:26','2019-02-16 20:54:25'),
(6,'養殖池管理','Controller & Method','Frontend\\PondController@viewFarmMap','normal','fa fa-tint',0,1,1,1,1,'2019-01-04 11:36:40','2019-03-05 16:20:33'),
(7,'基準値','Route','AdminMinmaxControllerGetIndex','normal','fa fa-arrows-v',0,1,0,1,5,'2019-01-11 15:51:06','2019-02-21 09:39:10'),
(10,'養殖環境管理','Route','AdminAquaculturesControllerGetIndex','normal','fa fa-diamond',0,1,0,1,2,'2019-02-20 15:51:45','2019-02-21 09:38:52'),
(11,'養殖池設定','Route','AdminPondsControllerGetIndex','normal','fa fa-glass',0,1,0,1,1,'2019-03-08 09:32:55','2019-03-08 11:05:11'),
(12,'エビ状況 ','Route','AdminShrimpStatesControllerGetIndex','normal','fa fa-glass',0,1,0,1,4,'2019-03-08 09:32:55','2019-03-11 15:55:45'),
(13,'測定データ取込','Route','AdminImportLogsControllerGetIndex','normal','fa fa-glass',0,1,0,1,3,'2019-03-18 14:00:03','2019-03-21 09:50:14'),
(14,'基本情報設定','Route','AdminDefaultPondsControllerGetIndex',NULL,'fa fa-glass',0,1,0,1,8,'2020-10-24 14:09:22',NULL),
(15,'発注履歴検索','Route','AdminEbiBaitInventoriesControllerGetIndex',NULL,'fa fa-glass',0,1,0,1,9,'2020-10-24 14:30:40',NULL),
(16,'養殖方法登録','Route','AdminAquacultureMethodControllerGetIndex',NULL,'fa fa-glass',0,1,0,1,10,'2020-11-02 01:46:17',NULL),
(17,'単価登録','Route','AdminEbiPriceControllerGetIndex',NULL,'fa fa-glass',0,1,0,1,11,'2020-11-02 01:49:14',NULL),
(18,'エビ登録','Route','AdminEbiKindControllerGetIndex',NULL,'fa fa-glass',0,1,0,1,12,'2020-11-02 01:50:27',NULL),
(19,'餌、薬単価設定','Route','AdminFeedPriceControllerGetIndex',NULL,'fa fa-glass',0,1,0,1,13,'2020-11-02 01:51:56',NULL),
(20,'養殖サイクルデフォルト','Route','AdminDefaultFarmControllerGetIndex',NULL,'fa fa-glass',0,1,0,1,14,'2020-11-02 01:53:22',NULL),
(21,'池状況(養殖場全体','Route','AdminPondsAquaculturesControllerGetIndex',NULL,'fa fa-glass',0,1,0,1,15,'2020-11-17 07:41:17',NULL),
(22,'ソリューション','Route','AdminSolutionControllerGetIndex',NULL,'fa fa-glass',0,1,0,1,15,'2020-11-17 07:41:17',NULL);

/*Data for the table `cms_menus_privileges` */


insert  into `cms_menus_privileges`(`id`,`id_cms_menus`,`id_cms_privileges`) values
(16,5,2),
(17,5,3),
(18,5,1),
(25,1,1),
(26,4,1),
(33,2,3),
(34,2,1),
(39,9,1),
(45,10,2),
(46,10,1),
(49,7,2),
(50,7,1),
(51,3,1),
(54,6,2),
(55,6,1),
(56,8,2),
(57,8,1),
(59,11,2),
(60,11,1),
(61,12,2),
(62,12,1),
(64,13,2),
(65,13,1),
(66,14,1),
(67,15,1),
(68,16,1),
(69,17,1),
(70,18,1),
(71,19,1),
(72,20,1),
(73,21,1),
(74,22,1);

/*Data for the table `cms_moduls` */

insert  into `cms_moduls`(`id`,`name`,`icon`,`path`,`table_name`,`controller`,`is_protected`,`is_active`,`created_at`,`updated_at`,`deleted_at`) values 
(1,'Notifications','fa fa-cog','notifications','cms_notifications','NotificationsController',1,1,'2019-01-02 10:25:05',NULL,NULL),
(2,'Privileges','fa fa-cog','privileges','cms_privileges','PrivilegesController',1,1,'2019-01-02 10:25:05',NULL,NULL),
(3,'Privileges Roles','fa fa-cog','privileges_roles','cms_privileges_roles','PrivilegesRolesController',1,1,'2019-01-02 10:25:05',NULL,NULL),
(4,'ユーザ管理','fa fa-users','users','cms_users','AdminCmsUsersController',0,1,'2019-01-02 10:25:05',NULL,NULL),
(5,'Settings','fa fa-cog','settings','cms_settings','SettingsController',1,1,'2019-01-02 10:25:05',NULL,NULL),
(6,'Module Generator','fa fa-database','module_generator','cms_moduls','ModulsController',1,1,'2019-01-02 10:25:05',NULL,NULL),
(7,'Menu Management','fa fa-bars','menu_management','cms_menus','MenusController',1,1,'2019-01-02 10:25:05',NULL,NULL),
(8,'Email Templates','fa fa-envelope-o','email_templates','cms_email_templates','EmailTemplatesController',1,1,'2019-01-02 10:25:05',NULL,NULL),
(9,'Statistic Builder','fa fa-dashboard','statistic_builder','cms_statistics','StatisticBuilderController',1,1,'2019-01-02 10:25:05',NULL,NULL),
(10,'API Generator','fa fa-cloud-download','api_generator','','ApiCustomController',1,1,'2019-01-02 10:25:05',NULL,NULL),
(11,'Log User Access','fa fa-flag-o','logs','cms_logs','LogsController',1,1,'2019-01-02 10:25:05',NULL,NULL),
(12,'国管理','fa fa-flag','countries','ebi_countries','AdminCountriesController',0,0,'2019-01-02 11:28:32',NULL,NULL),
(13,'養殖場管理','fa fa-map','farms','ebi_farms','AdminFarmsController',0,0,'2019-01-02 11:44:08',NULL,NULL),
(14,'作業マスター','fa fa-legal','works','ebi_works','AdminWorksController',0,0,'2019-01-04 09:06:26',NULL,NULL),
(15,'基準値','fa fa-arrows-v','minmax','ebi_minmaxs','AdminMinmaxController',0,0,'2019-01-11 15:51:06',NULL,NULL),
(17,'養殖環境管理','fa fa-diamond','aquacultures','ebi_aquacultures','AdminAquaculturesController',0,0,'2019-02-20 15:51:45',NULL,NULL),
(18,'エビ状況','fa fa-glass','shrimp_states','ebi_shrimp_states','AdminShrimpStatesController',0,0,'2019-02-28 16:12:33',NULL,NULL),
(19,'養殖池設定','fa fa-glass','ponds','ebi_ponds','AdminPondsController',0,0,'2019-03-08 09:32:55',NULL,NULL),
(20,'測定データ取込','fa fa-glass','import_logs','ebi_import_state_logs','AdminImportLogsController',0,0,'2019-03-18 14:00:03',NULL,NULL),
(21,'基本情報設定','fa fa-glass','default_ponds','default_ponds','AdminDefaultPondsController',0,0,'2020-10-24 14:09:22',NULL,NULL),
(22,'発注履歴検索','fa fa-glass','ebi_bait_inventories','ebi_bait_inventories','AdminEbiBaitInventoriesController',0,0,'2020-10-24 14:30:40',NULL,NULL),
(23,'養殖方法登録','fa fa-glass','aquaculture_method','aquaculture_method','AdminAquacultureMethodController',0,0,'2020-11-02 01:46:17',NULL,NULL),
(24,'単価登録','fa fa-glass','ebi_price','ebi_price','AdminEbiPriceController',0,0,'2020-11-02 01:49:13',NULL,NULL),
(25,'エビ登録','fa fa-glass','ebi_kind','ebi_kind','AdminEbiKindController',0,0,'2020-11-02 01:50:26',NULL,NULL),
(26,'餌、薬単価設定','fa fa-glass','feed_price','feed_price','AdminFeedPriceController',0,0,'2020-11-02 01:51:56',NULL,NULL),
(27,'養殖サイクルデフォルト','fa fa-glass','default_farm','default_farm','AdminDefaultFarmController',0,0,'2020-11-02 01:53:21',NULL,NULL),
(28,'池状況(養殖場全体','fa fa-glass','ponds_aquacultures','ponds_aquacultures','AdminPondsAquaculturesController',0,0,'2020-11-17 07:41:17',NULL,NULL),
(29,'ソリューション','fa fa-glass','solution','solution','AdminSolutionController',0,0,'2020-11-17 07:41:17',NULL,NULL);

/*Data for the table `cms_notifications` */

/*Data for the table `cms_privileges` */

insert  into `cms_privileges`(`id`,`name`,`is_superadmin`,`theme_color`,`created_at`,`updated_at`) values 
(1,'Super Administrator',1,'skin-blue-light','2019-01-02 10:25:05',NULL),
(2,'Farm Worker',0,'skin-blue-light',NULL,NULL);

/*Data for the table `cms_privileges_roles` */

insert  into `cms_privileges_roles`(`id`,`is_visible`,`is_create`,`is_read`,`is_edit`,`is_delete`,`id_cms_privileges`,`id_cms_moduls`,`created_at`,`updated_at`) values 
(1,1,1,1,1,1,1,4,NULL,NULL),
(3,1,1,1,1,1,1,12,NULL,NULL),
(4,1,1,1,1,1,1,13,NULL,NULL),
(7,1,1,1,1,1,1,14,NULL,NULL),
(11,1,1,1,1,1,1,15,NULL,NULL),
(13,1,1,1,1,1,1,16,NULL,NULL),
(14,1,1,1,1,1,1,17,NULL,NULL),
(17,1,1,1,1,1,1,19,NULL,NULL),
(23,1,1,1,1,1,1,20,NULL,NULL),
(24,1,1,1,1,1,2,18,NULL,NULL),
(26,1,1,1,1,1,2,20,NULL,NULL),
(27,1,0,1,0,0,2,13,NULL,NULL),
(28,1,1,1,1,1,2,19,NULL,NULL),
(29,1,1,1,1,1,2,17,NULL,NULL),
(30,0,1,1,1,0,2,4,NULL,NULL),
(31,0,1,1,1,0,2,17,NULL,NULL),
(32,0,1,1,1,0,2,15,NULL,NULL),
(33,1,1,1,1,1,1,21,NULL,NULL),
(34,1,1,1,1,1,1,22,NULL,NULL),
(35,1,1,1,1,1,1,23,NULL,NULL),
(36,1,1,1,1,1,1,24,NULL,NULL),
(37,1,1,1,1,1,1,25,NULL,NULL),
(38,1,1,1,1,1,1,26,NULL,NULL),
(39,1,1,1,1,1,1,27,NULL,NULL),
(40,1,1,1,1,1,1,28,NULL,NULL),
(41,1,1,1,1,1,1,29,NULL,NULL);

/*Data for the table `cms_settings` */

insert  into `cms_settings`(`id`,`name`,`content`,`content_input_type`,`dataenum`,`helper`,`created_at`,`updated_at`,`group_setting`,`label`) values 
(1,'login_background_color',NULL,'text',NULL,'Input hexacode','2019-01-02 10:25:05',NULL,'Login Register Style','Login Background Color'),
(2,'login_font_color',NULL,'text',NULL,'Input hexacode','2019-01-02 10:25:05',NULL,'Login Register Style','Login Font Color'),
(3,'login_background_image',NULL,'upload_image',NULL,NULL,'2019-01-02 10:25:05',NULL,'Login Register Style','Login Background Image'),
(4,'email_sender','support@crudbooster.com','text',NULL,NULL,'2019-01-02 10:25:05',NULL,'Email Setting','Email Sender'),
(5,'smtp_driver','mail','select','smtp,mail,sendmail',NULL,'2019-01-02 10:25:05',NULL,'Email Setting','Mail Driver'),
(6,'smtp_host','','text',NULL,NULL,'2019-01-02 10:25:05',NULL,'Email Setting','SMTP Host'),
(7,'smtp_port','25','text',NULL,'default 25','2019-01-02 10:25:05',NULL,'Email Setting','SMTP Port'),
(8,'smtp_username','','text',NULL,NULL,'2019-01-02 10:25:05',NULL,'Email Setting','SMTP Username'),
(9,'smtp_password','','text',NULL,NULL,'2019-01-02 10:25:05',NULL,'Email Setting','SMTP Password'),
(10,'appname','ebi.app_name','text',NULL,NULL,'2019-01-02 10:25:05',NULL,'Application Setting','Application Name'),
(11,'default_paper_size','Legal','text',NULL,'Paper size, ex : A4, Legal, etc','2019-01-02 10:25:05',NULL,'Application Setting','Default Paper Print Size'),
(12,'logo',NULL,'upload_image',NULL,NULL,'2019-01-02 10:25:05',NULL,'Application Setting','Logo'),
(13,'favicon',NULL,'upload_image',NULL,NULL,'2019-01-02 10:25:05',NULL,'Application Setting','Favicon'),
(14,'api_debug_mode','false','select','true,false',NULL,'2019-01-02 10:25:05',NULL,'Application Setting','API Debug Mode'),
(15,'google_api_key',NULL,'text',NULL,NULL,'2019-01-02 10:25:05',NULL,'Application Setting','Google API Key'),
(16,'google_fcm_key',NULL,'text',NULL,NULL,'2019-01-02 10:25:05',NULL,'Application Setting','Google FCM Key');

/*Data for the table `cms_statistic_components` */

/*Data for the table `cms_statistics` */

/*Data for the table `cms_users` */

insert  into `cms_users`(`id`,`name`,`photo`,`email`,`password`,`id_cms_privileges`,`created_at`,`updated_at`,`status`,`enable_email_alert`,`created_user`,`updated_user`) values 
(1,'super admin',NULL,'admin@admin.com','$2y$10$Ew9mSblcRDMWsNnqw0EnAepf9nk40HrZFgeDB1nVsGSMqFnztrfvG',1,'2019-01-02 10:25:05','2019-03-28 20:51:18','Active',0,1,1),
(3,'Farm Worker1',NULL,'phanxuanhoa@gmail.com','$2y$10$TM3D89nZ0rdx15EV4E/64uRpXKvtqOTOyt9AbuX4TCV.ZImL9o7zq',2,'2019-01-03 09:15:01','2019-05-07 10:35:40',NULL,1,1,3),
(4,'test',NULL,'test@test.com','$2y$10$Ew9mSblcRDMWsNnqw0EnAepf9nk40HrZFgeDB1nVsGSMqFnztrfvG',2,'2019-03-21 15:13:02','2019-03-21 15:20:24',NULL,0,1,NULL),
(7,'test2',NULL,'test2@test.com','$2y$10$Ew9mSblcRDMWsNnqw0EnAepf9nk40HrZFgeDB1nVsGSMqFnztrfvG',1,'2019-03-25 13:26:39','2019-04-15 14:48:17',NULL,0,1,7),
(8,'UchiAdminTest',NULL,'y_uchiyama@matisse.co.jp','$2y$10$Ew9mSblcRDMWsNnqw0EnAepf9nk40HrZFgeDB1nVsGSMqFnztrfvG',1,'2019-04-20 00:04:21','2019-04-15 14:48:17',NULL,0,1,8),
(9,'UchiTest',NULL,'uchi.test.001@gmail.com','$2y$10$Ew9mSblcRDMWsNnqw0EnAepf9nk40HrZFgeDB1nVsGSMqFnztrfvG',2,'2019-04-20 00:04:21','2019-04-15 14:48:17',NULL,0,1,8),
(13,'Shrimp Administrator',NULL,'admin@shrimp.com','$2y$10$L72FMmOFFYBjn2kmxa73i.4LCrHqovtu6xRn1PJaHrittwBeZoOc2',1,NULL,'2019-04-22 12:35:45',NULL,0,1,13),
(21,'Ebi Administrator',NULL,'admin@ebi.com','$2y$10$L72FMmOFFYBjn2kmxa73i.4LCrHqovtu6xRn1PJaHrittwBeZoOc2',1,NULL,NULL,NULL,0,1,NULL),
(23,'MatiseeAdmin',NULL,'matisse@admin.com','$2y$10$vjJito9BBSA4P6xYZ9k9jeFLe3v1TOCfk.A.jWafyJoDsoo41.EU.',2,'2019-05-13 13:20:57',NULL,NULL,0,22,NULL),
(25,'yisobe',NULL,'y_isobe@matisse.co.jp','$2y$10$SjmDry9ikRR8mtQ1xFsSPO19fxm0WLJI8aqe27E3ZL.TK/AGlOvPa',2,'2019-11-06 13:18:17','2019-12-03 15:14:06',NULL,1,4,25),
(27,'smaruyama',NULL,'smaruyama@make-it.jp','$2y$10$bL4CILRbdAuS7vLntgZxv.5dc6UPCjUMpwuLc25VSkLuXsZ9moZMK',2,'2019-12-11 13:17:00','2019-12-19 07:34:16',NULL,0,25,27),
(28,'kakisu',NULL,'kakisu@matisse-consul.co.jp','$2y$10$145GbzYCvRWdbxjI2SAx2uY5giNsj1o4aOTnwTT6XUV6KG.IjTeqW',2,'2020-01-07 10:42:43',NULL,NULL,0,25,NULL),
(29,'Aulia',NULL,'auliakusuma325@gmail.com','$2y$10$VpbYsWxRjFMpODtN5xY3ZeO5z4WmAHM9VAx1uihle/oHtGELvTGVO',2,'2020-01-13 21:59:35','2020-01-18 12:34:05',NULL,0,25,29),
(30,'ryukyu',NULL,'takemura@sci.u-ryukyu.ac.jp','$2y$10$kq5fOVKVMf1jQtvqpqXcmeUNWOXUB6aG7iyfKGNEdyGlPFo9BaTE.',2,'2020-01-17 16:00:27',NULL,NULL,0,25,NULL),
(31,'gkataoka',NULL,'gkataoka@make-it.jp','$2y$10$hpph21YNtK6EEJzJaaYA9..525dpO5j6qMIoNFWIjuotAI0VdmsRm',2,'2020-01-27 14:49:24',NULL,NULL,0,25,NULL);

/*Data for the table `default_farm` */

/*Data for the table `default_ponds` */

/*Data for the table `ebi_aquacultures` */

/*Data for the table `ebi_bait_inventories` */

/*Data for the table `ebi_countries` */

insert  into `ebi_countries`(`id`,`country_name`,`created_at`,`updated_at`,`created_user`,`updated_user`) values 
(2,'Indonesia','2019-01-02 11:33:20','2019-01-11 09:25:33',1,NULL),
(3,'Philippines','2019-01-02 11:33:20','2019-01-11 09:25:33',1,NULL),
(4,'Vietnam','2019-01-02 11:53:20',NULL,1,NULL);

/*Data for the table `ebi_farms` */

insert  into `ebi_farms`(`id`,`farm_name`,`farm_name_en`,`farm_image`,`farm_image_en`,`country_id`,`created_at`,`updated_at`,`created_user`,`updated_user`) values 
(1,'養殖場 A','Farm A','<?xml version=\"1.0\" encoding=\"utf-8\"?>\r\n<!-- Generator: Adobe Illustrator 19.2.1, SVG Export Plug-In . SVG Version: 6.00 Build 0)  -->\r\n<svg version=\"1.1\" id=\"Layer_1\" xmlns=\"http://www.w3.org/2000/svg\" xmlns:xlink=\"http://www.w3.org/1999/xlink\" x=\"0px\" y=\"0px\"\r\n	 viewBox=\"0 0 1026.4 577.2\" style=\"enable-background:new 0 0 1026.4 577.2;\" xml:space=\"preserve\">\r\n<style type=\"text/css\">\r\n	.st0{fill:none;}\r\n	.st1{fill:#659AD2;}\r\n	.st2{fill:#E6E7E8;}\r\n	.st3{fill:#92C5EB;}\r\n	.st4{fill:#D0D2D3;}\r\n	.st5{fill:#768B90;}\r\n	.st6{fill:#CCCCCC;}\r\n	.st7{fill:#FFFFFF;}\r\n	.st8{fill:#00E632;}\r\n	.st9{fill:#DE773F;}\r\n	.st10{fill:none;stroke:#666666;stroke-miterlimit:10;}\r\n	.st11{font-family:\'ArialMT\';}\r\n	.st12{font-size:10px;}\r\n	.st13{font-size:12px;}\r\n	.st14{fill:#666666;}\r\n	.st15{display:none;}\r\n	.st16{display:inline;fill:#659AD2;}\r\n	.st17{font-family:\'KozGoPr6N-Regular-83pv-RKSJ-H\';}\r\n	.st18{font-size:14px;}\r\n</style>\r\n<g>\r\n	<title>background</title>\r\n	<rect id=\"canvas_background\" x=\"-1\" y=\"-1\" class=\"st0\" width=\"582\" height=\"402\"/>\r\n</g>\r\n<g>\r\n	<title>Layer 1</title>\r\n	<rect id=\"svg_1\" x=\"1\" class=\"st1\" width=\"1024.5\" height=\"576.4\"/>\r\n	<line id=\"svg_2\" class=\"st0\" x1=\"746.5\" y1=\"576.4\" x2=\"746.5\" y2=\"-61.6\"/>\r\n	<g id=\"svg_3\">\r\n		<polygon id=\"svg_4\" class=\"st2\" points=\"31,376.4 1000,376.4 997.9,362.6 938.1,203.7 790.7,22.4 746.8,43.5 823.8,203.9 \r\n			723.1,203.9 723.1,292.1 39.9,292.1 		\"/>\r\n		<rect id=\"svg_5\" x=\"162.7\" y=\"296.7\" class=\"st3\" width=\"174.5\" height=\"75.1\"/>\r\n		<polygon id=\"svg_6\" class=\"st3\" points=\"136.2,371.9 36.1,371.9 44,296.7 140.1,296.7 		\"/>\r\n		<g id=\"svg_7\">\r\n			<path id=\"f1-p-1\" class=\"st4\" d=\"M407.5,300.2c-1.2,0-57.7,0-59,0c-3.8,0-6.8,3-6.8,6.8s3,6.8,6.8,6.8c1.2,0,57.7,0,59,0\r\n				c3.8,0,6.8-3,6.8-6.8S411.3,300.2,407.5,300.2z\"/>\r\n			<path id=\"f1-p-2\" class=\"st4\" d=\"M407.5,314.7c-1.2,0-57.7,0-59,0c-3.8,0-6.8,3-6.8,6.8s3,6.8,6.8,6.8c1.2,0,57.7,0,59,0\r\n				c3.8,0,6.8-3,6.8-6.8S411.3,314.7,407.5,314.7z\"/>\r\n			<path id=\"f1-p-3\" class=\"st4\" d=\"M407.5,329.2c-1.2,0-57.7,0-59,0c-3.8,0-6.8,3-6.8,6.8s3,6.8,6.8,6.8c1.2,0,57.7,0,59,0\r\n				c3.8,0,6.8-3,6.8-6.8C414.3,332.3,411.3,329.2,407.5,329.2z\"/>\r\n			<path id=\"f1-p-4\" class=\"st4\" d=\"M407.5,343.7c-1.2,0-57.7,0-59,0c-3.8,0-6.8,3-6.8,6.8s3,6.8,6.8,6.8c1.2,0,57.7,0,59,0\r\n				c3.8,0,6.8-3,6.8-6.8C414.3,346.8,411.3,343.7,407.5,343.7z\"/>\r\n			<path id=\"f1-p-5\" class=\"st4\" d=\"M407.5,358.2c-1.2,0-57.7,0-59,0c-3.8,0-6.8,3-6.8,6.8s3,6.8,6.8,6.8c1.2,0,57.7,0,59,0\r\n				c3.8,0,6.8-3,6.8-6.8C414.3,361.3,411.3,358.2,407.5,358.2z\"/>\r\n		</g>\r\n		<g id=\"svg_8\">\r\n			<path id=\"f1-p-6\" class=\"st4\" d=\"M484.6,300.2c-1.2,0-57.7,0-59,0c-3.8,0-6.8,3-6.8,6.8s3,6.8,6.8,6.8c1.2,0,57.7,0,59,0\r\n				c3.8,0,6.8-3,6.8-6.8S488.4,300.2,484.6,300.2z\"/>\r\n			<path id=\"f1-p-7\" class=\"st4\" d=\"M484.6,314.7c-1.2,0-57.7,0-59,0c-3.8,0-6.8,3-6.8,6.8s3,6.8,6.8,6.8c1.2,0,57.7,0,59,0\r\n				c3.8,0,6.8-3,6.8-6.8S488.4,314.7,484.6,314.7z\"/>\r\n			<path id=\"f1-p-8\" class=\"st4\" d=\"M484.6,329.2c-1.2,0-57.7,0-59,0c-3.8,0-6.8,3-6.8,6.8s3,6.8,6.8,6.8c1.2,0,57.7,0,59,0\r\n				c3.8,0,6.8-3,6.8-6.8C491.4,332.3,488.4,329.2,484.6,329.2z\"/>\r\n			<path id=\"f1-p-9\" class=\"st4\" d=\"M484.6,343.7c-1.2,0-57.7,0-59,0c-3.8,0-6.8,3-6.8,6.8s3,6.8,6.8,6.8c1.2,0,57.7,0,59,0\r\n				c3.8,0,6.8-3,6.8-6.8C491.4,346.8,488.4,343.7,484.6,343.7z\"/>\r\n			<path id=\"f1-p-10\" class=\"st4\" d=\"M484.6,358.2c-1.2,0-57.7,0-59,0c-3.8,0-6.8,3-6.8,6.8s3,6.8,6.8,6.8c1.2,0,57.7,0,59,0\r\n				c3.8,0,6.8-3,6.8-6.8C491.4,361.3,488.4,358.2,484.6,358.2z\"/>\r\n		</g>\r\n		<g id=\"svg_9\">\r\n			<path id=\"f1-p-11\" class=\"st4\" d=\"M561.8,300.2c-1.2,0-57.7,0-59,0c-3.8,0-6.8,3-6.8,6.8s3,6.8,6.8,6.8c1.2,0,57.7,0,59,0\r\n				c3.8,0,6.8-3,6.8-6.8S565.5,300.2,561.8,300.2z\"/>\r\n			<path id=\"f1-p-12\" class=\"st4\" d=\"M561.8,314.7c-1.2,0-57.7,0-59,0c-3.8,0-6.8,3-6.8,6.8s3,6.8,6.8,6.8c1.2,0,57.7,0,59,0\r\n				c3.8,0,6.8-3,6.8-6.8S565.5,314.7,561.8,314.7z\"/>\r\n			<path id=\"f1-p-13\" class=\"st4\" d=\"M561.8,329.2c-1.2,0-57.7,0-59,0c-3.8,0-6.8,3-6.8,6.8s3,6.8,6.8,6.8c1.2,0,57.7,0,59,0\r\n				c3.8,0,6.8-3,6.8-6.8C568.6,332.3,565.5,329.2,561.8,329.2z\"/>\r\n			<path id=\"f1-p-14\" class=\"st4\" d=\"M561.8,343.7c-1.2,0-57.7,0-59,0c-3.8,0-6.8,3-6.8,6.8s3,6.8,6.8,6.8c1.2,0,57.7,0,59,0\r\n				c3.8,0,6.8-3,6.8-6.8C568.6,346.8,565.5,343.7,561.8,343.7z\"/>\r\n			<path id=\"f1-p-15\" class=\"st4\" d=\"M561.8,358.2c-1.2,0-57.7,0-59,0c-3.8,0-6.8,3-6.8,6.8s3,6.8,6.8,6.8c1.2,0,57.7,0,59,0\r\n				c3.8,0,6.8-3,6.8-6.8C568.6,361.3,565.5,358.2,561.8,358.2z\"/>\r\n		</g>\r\n		<g id=\"svg_10\">\r\n			<path id=\"f1-p-16\" class=\"st4\" d=\"M638.9,300.2c-1.2,0-57.7,0-59,0c-3.8,0-6.8,3-6.8,6.8s3,6.8,6.8,6.8c1.2,0,57.7,0,59,0\r\n				c3.8,0,6.8-3,6.8-6.8S642.6,300.2,638.9,300.2z\"/>\r\n			<path id=\"f1-p-17\" class=\"st4\" d=\"M638.9,314.7c-1.2,0-57.7,0-59,0c-3.8,0-6.8,3-6.8,6.8s3,6.8,6.8,6.8c1.2,0,57.7,0,59,0\r\n				c3.8,0,6.8-3,6.8-6.8S642.6,314.7,638.9,314.7z\"/>\r\n			<path id=\"f1-p-18\" class=\"st4\" d=\"M638.9,329.2c-1.2,0-57.7,0-59,0c-3.8,0-6.8,3-6.8,6.8s3,6.8,6.8,6.8c1.2,0,57.7,0,59,0\r\n				c3.8,0,6.8-3,6.8-6.8C645.7,332.3,642.6,329.2,638.9,329.2z\"/>\r\n			<path id=\"f1-p-19\" class=\"st4\" d=\"M638.9,343.7c-1.2,0-57.7,0-59,0c-3.8,0-6.8,3-6.8,6.8s3,6.8,6.8,6.8c1.2,0,57.7,0,59,0\r\n				c3.8,0,6.8-3,6.8-6.8C645.7,346.8,642.6,343.7,638.9,343.7z\"/>\r\n			<path id=\"f1-p-20\" class=\"st4\" d=\"M638.9,358.2c-1.2,0-57.7,0-59,0c-3.8,0-6.8,3-6.8,6.8s3,6.8,6.8,6.8c1.2,0,57.7,0,59,0\r\n				c3.8,0,6.8-3,6.8-6.8C645.7,361.3,642.6,358.2,638.9,358.2z\"/>\r\n		</g>\r\n		<g id=\"svg_11\">\r\n			<path id=\"f1-p-21\" class=\"st4\" d=\"M716,300.2c-1.2,0-57.7,0-59,0c-3.8,0-6.8,3-6.8,6.8s3,6.8,6.8,6.8c1.2,0,57.7,0,59,0\r\n				c3.8,0,6.8-3,6.8-6.8S719.8,300.2,716,300.2z\"/>\r\n			<path id=\"f1-p-22\" class=\"st4\" d=\"M716,314.7c-1.2,0-57.7,0-59,0c-3.8,0-6.8,3-6.8,6.8s3,6.8,6.8,6.8c1.2,0,57.7,0,59,0\r\n				c3.8,0,6.8-3,6.8-6.8S719.8,314.7,716,314.7z\"/>\r\n			<path id=\"f1-p-23\" class=\"st4\" d=\"M716,329.2c-1.2,0-57.7,0-59,0c-3.8,0-6.8,3-6.8,6.8s3,6.8,6.8,6.8c1.2,0,57.7,0,59,0\r\n				c3.8,0,6.8-3,6.8-6.8C722.8,332.3,719.8,329.2,716,329.2z\"/>\r\n			<path id=\"f1-p-24\" class=\"st4\" d=\"M716,343.7c-1.2,0-57.7,0-59,0c-3.8,0-6.8,3-6.8,6.8s3,6.8,6.8,6.8c1.2,0,57.7,0,59,0\r\n				c3.8,0,6.8-3,6.8-6.8C722.8,346.8,719.8,343.7,716,343.7z\"/>\r\n			<path id=\"f1-p-25\" class=\"st4\" d=\"M716,358.2c-1.2,0-57.7,0-59,0c-3.8,0-6.8,3-6.8,6.8s3,6.8,6.8,6.8c1.2,0,57.7,0,59,0\r\n				c3.8,0,6.8-3,6.8-6.8C722.8,361.3,719.8,358.2,716,358.2z\"/>\r\n		</g>\r\n		<g id=\"svg_12\">\r\n			<path id=\"f1-p-26\" class=\"st4\" d=\"M793.1,300.2c-1.2,0-57.7,0-59,0c-3.8,0-6.8,3-6.8,6.8s3,6.8,6.8,6.8c1.2,0,57.7,0,59,0\r\n				c3.8,0,6.8-3,6.8-6.8S796.9,300.2,793.1,300.2z\"/>\r\n			<path id=\"f1-p-27\" class=\"st4\" d=\"M793.1,314.7c-1.2,0-57.7,0-59,0c-3.8,0-6.8,3-6.8,6.8s3,6.8,6.8,6.8c1.2,0,57.7,0,59,0\r\n				c3.8,0,6.8-3,6.8-6.8S796.9,314.7,793.1,314.7z\"/>\r\n			<path id=\"f1-p-28\" class=\"st4\" d=\"M793.1,329.2c-1.2,0-57.7,0-59,0c-3.8,0-6.8,3-6.8,6.8s3,6.8,6.8,6.8c1.2,0,57.7,0,59,0\r\n				c3.8,0,6.8-3,6.8-6.8C799.9,332.3,796.9,329.2,793.1,329.2z\"/>\r\n			<path id=\"f1-p-29\" class=\"st4\" d=\"M793.1,343.7c-1.2,0-57.7,0-59,0c-3.8,0-6.8,3-6.8,6.8s3,6.8,6.8,6.8c1.2,0,57.7,0,59,0\r\n				c3.8,0,6.8-3,6.8-6.8C799.9,346.8,796.9,343.7,793.1,343.7z\"/>\r\n			<path id=\"f1-p-30\" class=\"st4\" d=\"M793.1,358.2c-1.2,0-57.7,0-59,0c-3.8,0-6.8,3-6.8,6.8s3,6.8,6.8,6.8c1.2,0,57.7,0,59,0\r\n				c3.8,0,6.8-3,6.8-6.8C799.9,361.3,796.9,358.2,793.1,358.2z\"/>\r\n		</g>\r\n		<g id=\"svg_13\">\r\n			<path id=\"f1-p-31\" class=\"st4\" d=\"M793.1,213.9c-1.2,0-57.7,0-59,0c-3.8,0-6.8,3-6.8,6.8s3,6.8,6.8,6.8c1.2,0,57.7,0,59,0\r\n				c3.8,0,6.8-3,6.8-6.8S796.9,213.9,793.1,213.9z\"/>\r\n			<path id=\"f1-p-32\" class=\"st4\" d=\"M793.1,228.4c-1.2,0-57.7,0-59,0c-3.8,0-6.8,3-6.8,6.8s3,6.8,6.8,6.8c1.2,0,57.7,0,59,0\r\n				c3.8,0,6.8-3,6.8-6.8S796.9,228.4,793.1,228.4z\"/>\r\n			<path id=\"f1-p-33\" class=\"st4\" d=\"M793.1,242.9c-1.2,0-57.7,0-59,0c-3.8,0-6.8,3-6.8,6.8s3,6.8,6.8,6.8c1.2,0,57.7,0,59,0\r\n				c3.8,0,6.8-3,6.8-6.8S796.9,242.9,793.1,242.9z\"/>\r\n			<path id=\"f1-p-34\" class=\"st4\" d=\"M793.1,257.4c-1.2,0-57.7,0-59,0c-3.8,0-6.8,3-6.8,6.8s3,6.8,6.8,6.8c1.2,0,57.7,0,59,0\r\n				c3.8,0,6.8-3,6.8-6.8S796.9,257.4,793.1,257.4z\"/>\r\n			<path id=\"f1-p-35\" class=\"st4\" d=\"M793.1,271.9c-1.2,0-57.7,0-59,0c-3.8,0-6.8,3-6.8,6.8s3,6.8,6.8,6.8c1.2,0,57.7,0,59,0\r\n				c3.8,0,6.8-3,6.8-6.8C799.9,275,796.9,271.9,793.1,271.9z\"/>\r\n		</g>\r\n		<g id=\"svg_14\">\r\n			<path id=\"f1-p-36\" class=\"st4\" d=\"M870.2,300.2c-1.2,0-57.7,0-59,0c-3.8,0-6.8,3-6.8,6.8s3,6.8,6.8,6.8c1.2,0,57.7,0,59,0\r\n				c3.8,0,6.8-3,6.8-6.8S874,300.2,870.2,300.2z\"/>\r\n			<path id=\"f1-p-37\" class=\"st4\" d=\"M870.2,314.7c-1.2,0-57.7,0-59,0c-3.8,0-6.8,3-6.8,6.8s3,6.8,6.8,6.8c1.2,0,57.7,0,59,0\r\n				c3.8,0,6.8-3,6.8-6.8S874,314.7,870.2,314.7z\"/>\r\n			<path id=\"f1-p-38\" class=\"st4\" d=\"M870.2,329.2c-1.2,0-57.7,0-59,0c-3.8,0-6.8,3-6.8,6.8s3,6.8,6.8,6.8c1.2,0,57.7,0,59,0\r\n				c3.8,0,6.8-3,6.8-6.8C877,332.3,874,329.2,870.2,329.2z\"/>\r\n			<path id=\"f1-p-39\" class=\"st4\" d=\"M870.2,343.7c-1.2,0-57.7,0-59,0c-3.8,0-6.8,3-6.8,6.8s3,6.8,6.8,6.8c1.2,0,57.7,0,59,0\r\n				c3.8,0,6.8-3,6.8-6.8C877,346.8,874,343.7,870.2,343.7z\"/>\r\n			<path id=\"f1-p-40\" class=\"st4\" d=\"M870.2,358.2c-1.2,0-57.7,0-59,0c-3.8,0-6.8,3-6.8,6.8s3,6.8,6.8,6.8c1.2,0,57.7,0,59,0\r\n				c3.8,0,6.8-3,6.8-6.8C877,361.3,874,358.2,870.2,358.2z\"/>\r\n		</g>\r\n		<g id=\"svg_15\">\r\n			<path id=\"f1-p-41\" class=\"st4\" d=\"M870.2,213.9c-1.2,0-57.7,0-59,0c-3.8,0-6.8,3-6.8,6.8s3,6.8,6.8,6.8c1.2,0,57.7,0,59,0\r\n				c3.8,0,6.8-3,6.8-6.8S874,213.9,870.2,213.9z\"/>\r\n			<path id=\"f1-p-42\" class=\"st4\" d=\"M870.2,228.4c-1.2,0-57.7,0-59,0c-3.8,0-6.8,3-6.8,6.8s3,6.8,6.8,6.8c1.2,0,57.7,0,59,0\r\n				c3.8,0,6.8-3,6.8-6.8S874,228.4,870.2,228.4z\"/>\r\n			<path id=\"f1-p-43\" class=\"st4\" d=\"M870.2,242.9c-1.2,0-57.7,0-59,0c-3.8,0-6.8,3-6.8,6.8s3,6.8,6.8,6.8c1.2,0,57.7,0,59,0\r\n				c3.8,0,6.8-3,6.8-6.8S874,242.9,870.2,242.9z\"/>\r\n			<path id=\"f1-p-44\" class=\"st4\" d=\"M870.2,257.4c-1.2,0-57.7,0-59,0c-3.8,0-6.8,3-6.8,6.8s3,6.8,6.8,6.8c1.2,0,57.7,0,59,0\r\n				c3.8,0,6.8-3,6.8-6.8S874,257.4,870.2,257.4z\"/>\r\n			<path id=\"f1-p-45\" class=\"st4\" d=\"M870.2,271.9c-1.2,0-57.7,0-59,0c-3.8,0-6.8,3-6.8,6.8s3,6.8,6.8,6.8c1.2,0,57.7,0,59,0\r\n				c3.8,0,6.8-3,6.8-6.8C877,275,874,271.9,870.2,271.9z\"/>\r\n		</g>\r\n		<g id=\"svg_16\">\r\n			<path id=\"f1-p-46\" class=\"st4\" d=\"M933.7,228.4c-1.2,0-44.1,0-45.4,0c-3.8,0-6.8,3-6.8,6.8s3,6.8,6.8,6.8c1.2,0,44.1,0,45.4,0\r\n				c3.8,0,6.8-3,6.8-6.8C940.6,231.4,937.5,228.4,933.7,228.4z\"/>\r\n			<path id=\"f1-p-47\" class=\"st4\" d=\"M933.7,242.9c-1.2,0-44.1,0-45.4,0c-3.8,0-6.8,3-6.8,6.8s3,6.8,6.8,6.8c1.2,0,44.1,0,45.4,0\r\n				c3.8,0,6.8-3,6.8-6.8S937.5,242.9,933.7,242.9z\"/>\r\n			<path id=\"f1-p-48\" class=\"st4\" d=\"M942.8,257.4c-1.2,0-53.2,0-54.4,0c-3.8,0-6.8,3-6.8,6.8s3,6.8,6.8,6.8c1.2,0,53.2,0,54.4,0\r\n				c3.8,0,6.8-3,6.8-6.8S946.6,257.4,942.8,257.4z\"/>\r\n			<path id=\"f1-p-49\" class=\"st4\" d=\"M942.8,271.9c-1.2,0-53.2,0-54.4,0c-3.8,0-6.8,3-6.8,6.8s3,6.8,6.8,6.8c1.2,0,53.2,0,54.4,0\r\n				c3.8,0,6.8-3,6.8-6.8C949.6,275,946.6,271.9,942.8,271.9z\"/>\r\n		</g>\r\n		<g id=\"svg_17\">\r\n			<path id=\"f1-p-50\" class=\"st4\" d=\"M947.4,300.2c-1.2,0-57.7,0-59,0c-3.8,0-6.8,3-6.8,6.8s3,6.8,6.8,6.8c1.2,0,57.7,0,59,0\r\n				c3.8,0,6.8-3,6.8-6.8S951.1,300.2,947.4,300.2z\"/>\r\n			<path id=\"f1-p-51\" class=\"st4\" d=\"M947.4,314.7c-1.2,0-57.7,0-59,0c-3.8,0-6.8,3-6.8,6.8s3,6.8,6.8,6.8c1.2,0,57.7,0,59,0\r\n				c3.8,0,6.8-3,6.8-6.8S951.1,314.7,947.4,314.7z\"/>\r\n			<path id=\"f1-p-52\" class=\"st4\" d=\"M947.4,329.2c-1.2,0-57.7,0-59,0c-3.8,0-6.8,3-6.8,6.8s3,6.8,6.8,6.8c1.2,0,57.7,0,59,0\r\n				c3.8,0,6.8-3,6.8-6.8C954.2,332.3,951.1,329.2,947.4,329.2z\"/>\r\n			<path id=\"f1-p-53\" class=\"st4\" d=\"M947.4,343.7c-1.2,0-57.7,0-59,0c-3.8,0-6.8,3-6.8,6.8s3,6.8,6.8,6.8c1.2,0,57.7,0,59,0\r\n				c3.8,0,6.8-3,6.8-6.8C954.2,346.8,951.1,343.7,947.4,343.7z\"/>\r\n			<path id=\"f1-p-54\" class=\"st4\" d=\"M947.4,358.2c-1.2,0-57.7,0-59,0c-3.8,0-6.8,3-6.8,6.8s3,6.8,6.8,6.8c1.2,0,57.7,0,59,0\r\n				c3.8,0,6.8-3,6.8-6.8C954.2,361.3,951.1,358.2,947.4,358.2z\"/>\r\n		</g>\r\n		<polygon id=\"svg_18\" class=\"st5\" points=\"789.2,27.3 752.3,45.1 768.4,78.7 810.6,53.7 		\"/>\r\n		<polygon id=\"svg_19\" class=\"st5\" points=\"777.8,98.3 805.9,156.8 865.6,121.3 824.4,70.6 		\"/>\r\n		<polygon id=\"svg_20\" class=\"st6\" points=\"810.6,53.7 768.4,78.7 777.8,98.3 824.4,70.6 		\"/>\r\n		<polygon id=\"svg_21\" class=\"st6\" points=\"140.1,296.7 162.7,296.7 162.7,371.9 136.2,371.9 		\"/>\r\n		<g id=\"svg_22\">\r\n			<path id=\"svg_23\" class=\"st5\" d=\"M788.9,28.6l75.2,92.4l-57.8,34.3L753.6,45.5L788.9,28.6 M789.2,27.3L752.3,45l53.6,111.7\r\n				l59.8-35.5L789.2,27.3L789.2,27.3L789.2,27.3z\"/>\r\n		</g>\r\n		<g id=\"svg_24\">\r\n			<path id=\"svg_25\" class=\"st3\" d=\"M336.2,297.7v73.1h-299l7.7-73.1H336.2 M337.2,296.7H44l-7.9,75.1h301.1V296.7L337.2,296.7z\"/>\r\n      \r\n		</g>\r\n		<polygon id=\"svg_26\" class=\"st7\" points=\"807.8,160.7 828.5,203.9 932.9,203.9 868.4,124.7 		\"/>\r\n	</g>\r\n	<g id=\"svg_27\">\r\n		<g id=\"svg_28\">\r\n			<g id=\"svg_29\">\r\n				<g id=\"svg_30\">\r\n					<circle id=\"svg_31\" class=\"st8\" cx=\"42.2\" cy=\"52.4\" r=\"8.5\"/>\r\n					<path id=\"svg_32\" class=\"st7\" d=\"M42.2,44.9c4.1,0,7.5,3.4,7.5,7.5s-3.4,7.5-7.5,7.5s-7.5-3.4-7.5-7.5S38,44.9,42.2,44.9\r\n						 M42.2,42.9c-5.2,0-9.5,4.3-9.5,9.5s4.3,9.5,9.5,9.5s9.5-4.3,9.5-9.5S47.4,42.9,42.2,42.9L42.2,42.9z\"/>\r\n				</g>\r\n				<g id=\"svg_33\">\r\n					<circle id=\"svg_34\" class=\"st9\" cx=\"42.2\" cy=\"82.4\" r=\"8.5\"/>\r\n					<g id=\"svg_35\">\r\n						<path id=\"svg_36\" class=\"st7\" d=\"M42.2,74.9c4.1,0,7.5,3.4,7.5,7.5s-3.4,7.5-7.5,7.5s-7.5-3.4-7.5-7.5S38,74.9,42.2,74.9\r\n							 M42.2,72.9c-5.2,0-9.5,4.3-9.5,9.5s4.3,9.5,9.5,9.5s9.5-4.3,9.5-9.5S47.4,72.9,42.2,72.9L42.2,72.9z\"/>\r\n					</g>\r\n				</g>\r\n				<g id=\"svg_37\">\r\n					<circle id=\"svg_38\" class=\"st4\" cx=\"42.2\" cy=\"112.4\" r=\"8.5\"/>\r\n					<g id=\"svg_39\">\r\n						<path id=\"svg_40\" class=\"st7\" d=\"M42.2,104.9c4.1,0,7.5,3.4,7.5,7.5s-3.4,7.5-7.5,7.5s-7.5-3.4-7.5-7.5S38,104.9,42.2,104.9\r\n							 M42.2,102.9c-5.2,0-9.5,4.3-9.5,9.5s4.3,9.5,9.5,9.5s9.5-4.3,9.5-9.5S47.4,102.9,42.2,102.9L42.2,102.9z\"/>\r\n					</g>\r\n				</g>\r\n			</g>\r\n		</g>\r\n	</g>\r\n	<g id=\"svg_41\">\r\n		<rect id=\"svg_42\" x=\"145.9\" y=\"329.3\" class=\"st10\" width=\"10\" height=\"10\"/>\r\n		\r\n			<rect id=\"svg_43\" x=\"790.7\" y=\"70.1\" transform=\"matrix(0.8616 -0.5075 0.5075 0.8616 71.9779 414.2077)\" class=\"st10\" width=\"10\" height=\"10\"/>\r\n		<rect id=\"svg_44\" x=\"981.9\" y=\"361.3\" class=\"st10\" width=\"10\" height=\"10\"/>\r\n		<rect id=\"svg_45\" x=\"959.1\" y=\"351.3\" class=\"st10\" width=\"10\" height=\"20\"/>\r\n		<rect id=\"svg_46\" x=\"842.7\" y=\"190.1\" class=\"st10\" width=\"20\" height=\"10\"/>\r\n		\r\n			<rect id=\"svg_47\" x=\"831.6\" y=\"145\" transform=\"matrix(0.8616 -0.5075 0.5075 0.8616 37.7753 448.5539)\" class=\"st10\" width=\"20\" height=\"20\"/>\r\n		\r\n			<rect id=\"svg_48\" x=\"814.3\" y=\"155.1\" transform=\"matrix(0.8616 -0.5075 0.5075 0.8616 30.2588 441.1705)\" class=\"st10\" width=\"20\" height=\"20\"/>\r\n		\r\n			<rect id=\"svg_49\" x=\"854.9\" y=\"142.1\" transform=\"matrix(0.8616 -0.5075 0.5075 0.8616 45.0099 459.2878)\" class=\"st10\" width=\"20\" height=\"10\"/>\r\n		\r\n			<rect id=\"svg_50\" x=\"897.2\" y=\"167.6\" transform=\"matrix(0.7785 -0.6276 0.6276 0.7785 88.3277 605.5524)\" class=\"st10\" width=\"10\" height=\"20\"/>\r\n		<g id=\"svg_51\">\r\n			<text id=\"svg_52\" transform=\"matrix(1 0 0 1 225.0275 339.3205)\" class=\"st7 st11 st12\">Sea Water</text>\r\n		</g>\r\n		<g id=\"svg_53\">\r\n			<text id=\"svg_54\" transform=\"matrix(1 0 0 1 63.1994 339.3205)\" class=\"st7 st11 st12\">Sea Water</text>\r\n		</g>\r\n		<g id=\"svg_55\">\r\n			<text id=\"svg_56\" transform=\"matrix(1 0 0 1 807.9448 104.6906)\" class=\"st7 st11 st12\">Main</text>\r\n			<text id=\"svg_57\" transform=\"matrix(1 0 0 1 794.3448 118.6906)\" class=\"st7 st11 st12\">Duscharge</text>\r\n		</g>\r\n	</g>\r\n	<g id=\"svg_58\">\r\n		<text id=\"svg_59\" transform=\"matrix(1 0 0 1 736.05 445.6804)\" class=\"st7 st11 st13\">A.</text>\r\n		<text id=\"svg_60\" transform=\"matrix(1 0 0 1 736.65 463.6804)\" class=\"st7 st11 st13\">B.</text>\r\n		<text id=\"svg_61\" transform=\"matrix(1 0 0 1 736.05 481.6804)\" class=\"st7 st11 st13\">C.</text>\r\n		<text id=\"svg_62\" transform=\"matrix(1 0 0 1 736.15 499.6804)\" class=\"st7 st11 st13\">D.</text>\r\n		<text id=\"svg_63\" transform=\"matrix(1 0 0 1 865.4977 445.6804)\" class=\"st7 st11 st13\">E.</text>\r\n		<text id=\"svg_64\" transform=\"matrix(1 0 0 1 865.5977 463.6804)\" class=\"st7 st11 st13\">F.</text>\r\n		<text id=\"svg_65\" transform=\"matrix(1 0 0 1 864.5977 481.6804)\" class=\"st7 st11 st13\">G.</text>\r\n		<text id=\"svg_66\" transform=\"matrix(1 0 0 1 864.7977 499.6804)\" class=\"st7 st11 st13\">H.</text>\r\n		<text id=\"svg_67\" transform=\"matrix(1 0 0 1 753.558 445.6804)\" class=\"st7 st11 st13\">POS JAGA</text>\r\n		<text id=\"svg_68\" transform=\"matrix(1 0 0 1 753.558 463.6804)\" class=\"st7 st11 st13\">KANTOR</text>\r\n		<text id=\"svg_69\" transform=\"matrix(1 0 0 1 753.558 481.6804)\" class=\"st7 st11 st13\">WISMA</text>\r\n		<text id=\"svg_70\" transform=\"matrix(1 0 0 1 753.558 499.6804)\" class=\"st7 st11 st13\">RUMAH GENSET</text>\r\n		<text id=\"svg_71\" transform=\"matrix(1 0 0 1 736.8666 414.782)\" class=\"st7 st11 st13\">KETERANGAN BANGUNNAN</text>\r\n		<text id=\"svg_72\" transform=\"matrix(1 0 0 1 882.8027 445.6804)\" class=\"st7 st11 st13\">GUDANG PERALATAN</text>\r\n		<text id=\"svg_73\" transform=\"matrix(1 0 0 1 882.8027 463.6804)\" class=\"st7 st11 st13\">GUDANG PAKAN</text>\r\n		<text id=\"svg_74\" transform=\"matrix(1 0 0 1 882.8027 481.6804)\" class=\"st7 st11 st13\">RUMAH SORTIR</text>\r\n		<text id=\"svg_75\" transform=\"matrix(1 0 0 1 882.8027 499.6804)\" class=\"st7 st11 st13\">RUMAH POMPA</text>\r\n	</g>\r\n	<text id=\"svg_76\" transform=\"matrix(1 0 0 1 147.3769 350.8205)\" class=\"st14 st11 st12\">H</text>\r\n	<text id=\"svg_77\" transform=\"matrix(1 0 0 1 977.7734 359.2195)\" class=\"st14 st11 st12\">A</text>\r\n	<text id=\"svg_78\" transform=\"matrix(1 0 0 1 961.0663 365.0486)\" class=\"st14 st11 st12\">B</text>\r\n	<text id=\"svg_79\" transform=\"matrix(1 0 0 1 849.2411 198.7981)\" class=\"st14 st11 st12\">C</text>\r\n	<text id=\"svg_80\" transform=\"matrix(1 0 0 1 821.4118 168.7981)\" class=\"st14 st11 st12\">E</text>\r\n	<text id=\"svg_81\" transform=\"matrix(1 0 0 1 838.7194 158.8606)\" class=\"st14 st11 st12\">F</text>\r\n	<text id=\"svg_82\" transform=\"matrix(1 0 0 1 861.1467 150.614)\" class=\"st14 st11 st12\">G</text>\r\n	<text id=\"svg_83\" transform=\"matrix(1 0 0 1 898.9623 181.0251)\" class=\"st14 st11 st12\">D</text>\r\n	<g id=\"svg_84\">\r\n		<text id=\"svg_85\" transform=\"matrix(1 0 0 1 802.5146 72.3081)\" class=\"st14 st11 st12\">H</text>\r\n	</g>\r\n	<g id=\"svg_86\" class=\"st15\">\r\n		<text id=\"svg_87\" transform=\"matrix(1 0 0 1 84.5024 534.9604)\" class=\"st16 st17 st18\">養殖場設定</text>\r\n	</g>\r\n	<text id=\"svg_88\" transform=\"matrix(1 0 0 1 59.7909 57.5586)\" class=\"st7 st17 st18\">正常時</text>\r\n	<text id=\"svg_89\" transform=\"matrix(1 0 0 1 59.7909 87.5586)\" class=\"st7 st17 st18\">異常検出</text>\r\n	<text id=\"svg_90\" transform=\"matrix(1 0 0 1 59.7909 117.5586)\" class=\"st7 st17 st18\">休眠時</text>\r\n	<text id=\"txt-f1-p-1\" transform=\"matrix(1 0 0 1 369.9831 310.556)\" class=\"st7 st11 st12\"></text>\r\n	<text id=\"txt-f1-p-2\" transform=\"matrix(1 0 0 1 369.9833 325.008)\" class=\"st7 st11 st12\"></text>\r\n	<text id=\"txt-f1-p-3\" transform=\"matrix(1 0 0 1 369.983 339.3206)\" class=\"st7 st11 st12\"></text>\r\n	<text id=\"txt-f1-p-4\" transform=\"matrix(1 0 0 1 369.983 354.0175)\" class=\"st7 st11 st12\"></text>\r\n	<text id=\"txt-f1-p-5\" transform=\"matrix(1 0 0 1 369.9831 368.7144)\" class=\"st7 st11 st12\"></text>\r\n	<text id=\"txt-f1-p-6\" transform=\"matrix(1 0 0 1 448.4303 310.5556)\" class=\"st7 st11 st12\"></text>\r\n	<text id=\"txt-f1-p-7\" transform=\"matrix(1 0 0 1 448.4302 325.0079)\" class=\"st7 st11 st12\"></text>\r\n	<text id=\"txt-f1-p-8\" transform=\"matrix(1 0 0 1 448.4301 339.3207)\" class=\"st7 st11 st12\"></text>\r\n	<text id=\"txt-f1-p-9\" transform=\"matrix(1 0 0 1 448.43 354.018)\" class=\"st7 st11 st12\"></text>\r\n	<text id=\"txt-f1-p-10\" transform=\"matrix(1 0 0 1 448.43 368.7148)\" class=\"st7 st11 st12\"></text>\r\n	<text id=\"txt-f1-p-11\" transform=\"matrix(1 0 0 1 525.6299 310.556)\" class=\"st7 st11 st12\"></text>\r\n	<text id=\"txt-f1-p-12\" transform=\"matrix(1 0 0 1 525.6301 325.0083)\" class=\"st7 st11 st12\"></text>\r\n	<text id=\"txt-f1-p-13\" transform=\"matrix(1 0 0 1 525.6301 339.321)\" class=\"st7 st11 st12\"></text>\r\n	<text id=\"txt-f1-p-14\" transform=\"matrix(1 0 0 1 525.6301 354.0172)\" class=\"st7 st11 st12\"></text>\r\n	<text id=\"txt-f1-p-15\" transform=\"matrix(1 0 0 1 525.6301 368.7141)\" class=\"st7 st11 st12\"></text>\r\n	<text id=\"txt-f1-p-16\" transform=\"matrix(1 0 0 1 602.7303 310.5562)\" class=\"st7 st11 st12\"></text>\r\n	<text id=\"txt-f1-p-17\" transform=\"matrix(1 0 0 1 602.7299 325.0075)\" class=\"st7 st11 st12\"></text>\r\n	<text id=\"txt-f1-p-18\" transform=\"matrix(1 0 0 1 602.7303 339.3207)\" class=\"st7 st11 st12\"></text>\r\n	<text id=\"txt-f1-p-19\" transform=\"matrix(1 0 0 1 602.7298 354.0176)\" class=\"st7 st11 st12\"></text>\r\n	<text id=\"txt-f1-p-20\" transform=\"matrix(1 0 0 1 602.7301 368.7141)\" class=\"st7 st11 st12\"></text>\r\n	<text id=\"txt-f1-p-21\" transform=\"matrix(1 0 0 1 679.8297 310.5565)\" class=\"st7 st11 st12\"></text>\r\n	<text id=\"txt-f1-p-22\" transform=\"matrix(1 0 0 1 679.8297 325.0082)\" class=\"st7 st11 st12\"></text>\r\n	<text id=\"txt-f1-p-23\" transform=\"matrix(1 0 0 1 679.8297 339.3214)\" class=\"st7 st11 st12\"></text>\r\n	<text id=\"txt-f1-p-24\" transform=\"matrix(1 0 0 1 679.8293 354.018)\" class=\"st7 st11 st12\"></text>\r\n	<text id=\"txt-f1-p-25\" transform=\"matrix(1 0 0 1 679.8296 368.7146)\" class=\"st7 st11 st12\"></text>\r\n	<text id=\"txt-f1-p-26\" transform=\"matrix(1 0 0 1 756.9296 224.4197)\" class=\"st7 st11 st12\"></text>\r\n	<text id=\"txt-f1-p-27\" transform=\"matrix(1 0 0 1 756.9294 239.1166)\" class=\"st7 st11 st12\"></text>\r\n	<text id=\"txt-f1-p-28\" transform=\"matrix(1 0 0 1 756.9292 253.0787)\" class=\"st7 st11 st12\"></text>\r\n	<text id=\"txt-f1-p-29\" transform=\"matrix(1 0 0 1 756.9287 267.5306)\" class=\"st7 st11 st12\"></text>\r\n	<text id=\"txt-f1-p-30\" transform=\"matrix(1 0 0 1 756.9287 282.4725)\" class=\"st7 st11 st12\"></text>\r\n	<text id=\"txt-f1-p-31\" transform=\"matrix(1 0 0 1 756.9287 310.5564)\" class=\"st7 st11 st12\"></text>\r\n	<text id=\"txt-f1-p-32\" transform=\"matrix(1 0 0 1 756.9287 325.0072)\" class=\"st7 st11 st12\"></text>\r\n	<text id=\"txt-f1-p-33\" transform=\"matrix(1 0 0 1 756.9287 339.3209)\" class=\"st7 st11 st12\"></text>\r\n	<text id=\"txt-f1-p-34\" transform=\"matrix(1 0 0 1 756.9287 354.0176)\" class=\"st7 st11 st12\"></text>\r\n	<text id=\"txt-f1-p-35\" transform=\"matrix(1 0 0 1 756.9287 368.7149)\" class=\"st7 st11 st12\"></text>\r\n	<text id=\"txt-f1-p-36\" transform=\"matrix(1 0 0 1 834.0301 224.4198)\" class=\"st7 st11 st12\"></text>\r\n	<text id=\"txt-f1-p-37\" transform=\"matrix(1 0 0 1 834.0299 239.1165)\" class=\"st7 st11 st12\"></text>\r\n	<text id=\"txt-f1-p-38\" transform=\"matrix(1 0 0 1 834.0297 253.0789)\" class=\"st7 st11 st12\"></text>\r\n	<text id=\"txt-f1-p-39\" transform=\"matrix(1 0 0 1 834.0302 267.5305)\" class=\"st7 st11 st12\"></text>\r\n	<text id=\"txt-f1-p-40\" transform=\"matrix(1 0 0 1 834.0296 282.4727)\" class=\"st7 st11 st12\"></text>\r\n	<text id=\"txt-f1-p-41\" transform=\"matrix(1 0 0 1 834.0299 310.5556)\" class=\"st7 st11 st12\"></text>\r\n	<text id=\"txt-f1-p-42\" transform=\"matrix(1 0 0 1 834.0292 325.0083)\" class=\"st7 st11 st12\"></text>\r\n	<text id=\"txt-f1-p-43\" transform=\"matrix(1 0 0 1 834.0292 339.321)\" class=\"st7 st11 st12\"></text>\r\n	<text id=\"txt-f1-p-44\" transform=\"matrix(1 0 0 1 834.0291 354.0177)\" class=\"st7 st11 st12\"></text>\r\n	<text id=\"txt-f1-p-45\" transform=\"matrix(1 0 0 1 834.0289 368.715)\" class=\"st7 st11 st12\"></text>\r\n	<text id=\"txt-f1-p-46\" transform=\"matrix(1 0 0 1 904.3297 239.1168)\" class=\"st7 st11 st12\"></text>\r\n	<text id=\"txt-f1-p-47\" transform=\"matrix(1 0 0 1 904.3293 253.0788)\" class=\"st7 st11 st12\"></text>\r\n	<text id=\"txt-f1-p-48\" transform=\"matrix(1 0 0 1 911.2303 267.5308)\" class=\"st7 st11 st12\"></text>\r\n	<text id=\"txt-f1-p-49\" transform=\"matrix(1 0 0 1 911.2302 282.4725)\" class=\"st7 st11 st12\"></text>\r\n	<text id=\"txt-f1-p-50\" transform=\"matrix(1 0 0 1 911.2299 310.5555)\" class=\"st7 st11 st12\"></text>\r\n	<text id=\"txt-f1-p-51\" transform=\"matrix(1 0 0 1 911.2302 325.0081)\" class=\"st7 st11 st12\"></text>\r\n	<text id=\"txt-f1-p-52\" transform=\"matrix(1 0 0 1 911.2301 339.3208)\" class=\"st7 st11 st12\"></text>\r\n	<text id=\"txt-f1-p-53\" transform=\"matrix(1 0 0 1 911.2295 354.0185)\" class=\"st7 st11 st12\"></text>\r\n	<text id=\"txt-f1-p-54\" transform=\"matrix(1 0 0 1 911.2295 368.7141)\" class=\"st7 st11 st12\"></text>\r\n</g>                                                                                                                                                                                       \r\n</svg>\r\n','<?xml version=\"1.0\" encoding=\"utf-8\"?>\r\n<!-- Generator: Adobe Illustrator 19.2.1, SVG Export Plug-In . SVG Version: 6.00 Build 0)  -->\r\n<svg version=\"1.1\" id=\"Layer_1\" xmlns=\"http://www.w3.org/2000/svg\" xmlns:xlink=\"http://www.w3.org/1999/xlink\" x=\"0px\" y=\"0px\"\r\n	 viewBox=\"0 0 1026.4 577.2\" style=\"enable-background:new 0 0 1026.4 577.2;\" xml:space=\"preserve\">\r\n<style type=\"text/css\">\r\n	.st0{fill:none;}\r\n	.st1{fill:#659AD2;}\r\n	.st2{fill:#E6E7E8;}\r\n	.st3{fill:#92C5EB;}\r\n	.st4{fill:#D0D2D3;}\r\n	.st5{fill:#768B90;}\r\n	.st6{fill:#CCCCCC;}\r\n	.st7{fill:#FFFFFF;}\r\n	.st8{fill:#00E632;}\r\n	.st9{fill:#DE773F;}\r\n	.st10{fill:none;stroke:#666666;stroke-miterlimit:10;}\r\n	.st11{font-family:\'ArialMT\';}\r\n	.st12{font-size:10px;}\r\n	.st13{font-size:12px;}\r\n	.st14{fill:#666666;}\r\n	.st15{display:none;}\r\n	.st16{display:inline;fill:#659AD2;}\r\n	.st17{font-family:\'KozGoPr6N-Regular-83pv-RKSJ-H\';}\r\n	.st18{font-size:14px;}\r\n</style>\r\n<g>\r\n	<title>background</title>\r\n	<rect id=\"canvas_background\" x=\"-1\" y=\"-1\" class=\"st0\" width=\"582\" height=\"402\"/>\r\n</g>\r\n<g>\r\n	<title>Layer 1</title>\r\n	<rect id=\"svg_1\" x=\"1\" class=\"st1\" width=\"1024.5\" height=\"576.4\"/>\r\n	<line id=\"svg_2\" class=\"st0\" x1=\"746.5\" y1=\"576.4\" x2=\"746.5\" y2=\"-61.6\"/>\r\n	<g id=\"svg_3\">\r\n		<polygon id=\"svg_4\" class=\"st2\" points=\"31,376.4 1000,376.4 997.9,362.6 938.1,203.7 790.7,22.4 746.8,43.5 823.8,203.9 \r\n			723.1,203.9 723.1,292.1 39.9,292.1 		\"/>\r\n		<rect id=\"svg_5\" x=\"162.7\" y=\"296.7\" class=\"st3\" width=\"174.5\" height=\"75.1\"/>\r\n		<polygon id=\"svg_6\" class=\"st3\" points=\"136.2,371.9 36.1,371.9 44,296.7 140.1,296.7 		\"/>\r\n		<g id=\"svg_7\">\r\n			<path id=\"f1-p-1\" class=\"st4\" d=\"M407.5,300.2c-1.2,0-57.7,0-59,0c-3.8,0-6.8,3-6.8,6.8s3,6.8,6.8,6.8c1.2,0,57.7,0,59,0\r\n				c3.8,0,6.8-3,6.8-6.8S411.3,300.2,407.5,300.2z\"/>\r\n			<path id=\"f1-p-2\" class=\"st4\" d=\"M407.5,314.7c-1.2,0-57.7,0-59,0c-3.8,0-6.8,3-6.8,6.8s3,6.8,6.8,6.8c1.2,0,57.7,0,59,0\r\n				c3.8,0,6.8-3,6.8-6.8S411.3,314.7,407.5,314.7z\"/>\r\n			<path id=\"f1-p-3\" class=\"st4\" d=\"M407.5,329.2c-1.2,0-57.7,0-59,0c-3.8,0-6.8,3-6.8,6.8s3,6.8,6.8,6.8c1.2,0,57.7,0,59,0\r\n				c3.8,0,6.8-3,6.8-6.8C414.3,332.3,411.3,329.2,407.5,329.2z\"/>\r\n			<path id=\"f1-p-4\" class=\"st4\" d=\"M407.5,343.7c-1.2,0-57.7,0-59,0c-3.8,0-6.8,3-6.8,6.8s3,6.8,6.8,6.8c1.2,0,57.7,0,59,0\r\n				c3.8,0,6.8-3,6.8-6.8C414.3,346.8,411.3,343.7,407.5,343.7z\"/>\r\n			<path id=\"f1-p-5\" class=\"st4\" d=\"M407.5,358.2c-1.2,0-57.7,0-59,0c-3.8,0-6.8,3-6.8,6.8s3,6.8,6.8,6.8c1.2,0,57.7,0,59,0\r\n				c3.8,0,6.8-3,6.8-6.8C414.3,361.3,411.3,358.2,407.5,358.2z\"/>\r\n		</g>\r\n		<g id=\"svg_8\">\r\n			<path id=\"f1-p-6\" class=\"st4\" d=\"M484.6,300.2c-1.2,0-57.7,0-59,0c-3.8,0-6.8,3-6.8,6.8s3,6.8,6.8,6.8c1.2,0,57.7,0,59,0\r\n				c3.8,0,6.8-3,6.8-6.8S488.4,300.2,484.6,300.2z\"/>\r\n			<path id=\"f1-p-7\" class=\"st4\" d=\"M484.6,314.7c-1.2,0-57.7,0-59,0c-3.8,0-6.8,3-6.8,6.8s3,6.8,6.8,6.8c1.2,0,57.7,0,59,0\r\n				c3.8,0,6.8-3,6.8-6.8S488.4,314.7,484.6,314.7z\"/>\r\n			<path id=\"f1-p-8\" class=\"st4\" d=\"M484.6,329.2c-1.2,0-57.7,0-59,0c-3.8,0-6.8,3-6.8,6.8s3,6.8,6.8,6.8c1.2,0,57.7,0,59,0\r\n				c3.8,0,6.8-3,6.8-6.8C491.4,332.3,488.4,329.2,484.6,329.2z\"/>\r\n			<path id=\"f1-p-9\" class=\"st4\" d=\"M484.6,343.7c-1.2,0-57.7,0-59,0c-3.8,0-6.8,3-6.8,6.8s3,6.8,6.8,6.8c1.2,0,57.7,0,59,0\r\n				c3.8,0,6.8-3,6.8-6.8C491.4,346.8,488.4,343.7,484.6,343.7z\"/>\r\n			<path id=\"f1-p-10\" class=\"st4\" d=\"M484.6,358.2c-1.2,0-57.7,0-59,0c-3.8,0-6.8,3-6.8,6.8s3,6.8,6.8,6.8c1.2,0,57.7,0,59,0\r\n				c3.8,0,6.8-3,6.8-6.8C491.4,361.3,488.4,358.2,484.6,358.2z\"/>\r\n		</g>\r\n		<g id=\"svg_9\">\r\n			<path id=\"f1-p-11\" class=\"st4\" d=\"M561.8,300.2c-1.2,0-57.7,0-59,0c-3.8,0-6.8,3-6.8,6.8s3,6.8,6.8,6.8c1.2,0,57.7,0,59,0\r\n				c3.8,0,6.8-3,6.8-6.8S565.5,300.2,561.8,300.2z\"/>\r\n			<path id=\"f1-p-12\" class=\"st4\" d=\"M561.8,314.7c-1.2,0-57.7,0-59,0c-3.8,0-6.8,3-6.8,6.8s3,6.8,6.8,6.8c1.2,0,57.7,0,59,0\r\n				c3.8,0,6.8-3,6.8-6.8S565.5,314.7,561.8,314.7z\"/>\r\n			<path id=\"f1-p-13\" class=\"st4\" d=\"M561.8,329.2c-1.2,0-57.7,0-59,0c-3.8,0-6.8,3-6.8,6.8s3,6.8,6.8,6.8c1.2,0,57.7,0,59,0\r\n				c3.8,0,6.8-3,6.8-6.8C568.6,332.3,565.5,329.2,561.8,329.2z\"/>\r\n			<path id=\"f1-p-14\" class=\"st4\" d=\"M561.8,343.7c-1.2,0-57.7,0-59,0c-3.8,0-6.8,3-6.8,6.8s3,6.8,6.8,6.8c1.2,0,57.7,0,59,0\r\n				c3.8,0,6.8-3,6.8-6.8C568.6,346.8,565.5,343.7,561.8,343.7z\"/>\r\n			<path id=\"f1-p-15\" class=\"st4\" d=\"M561.8,358.2c-1.2,0-57.7,0-59,0c-3.8,0-6.8,3-6.8,6.8s3,6.8,6.8,6.8c1.2,0,57.7,0,59,0\r\n				c3.8,0,6.8-3,6.8-6.8C568.6,361.3,565.5,358.2,561.8,358.2z\"/>\r\n		</g>\r\n		<g id=\"svg_10\">\r\n			<path id=\"f1-p-16\" class=\"st4\" d=\"M638.9,300.2c-1.2,0-57.7,0-59,0c-3.8,0-6.8,3-6.8,6.8s3,6.8,6.8,6.8c1.2,0,57.7,0,59,0\r\n				c3.8,0,6.8-3,6.8-6.8S642.6,300.2,638.9,300.2z\"/>\r\n			<path id=\"f1-p-17\" class=\"st4\" d=\"M638.9,314.7c-1.2,0-57.7,0-59,0c-3.8,0-6.8,3-6.8,6.8s3,6.8,6.8,6.8c1.2,0,57.7,0,59,0\r\n				c3.8,0,6.8-3,6.8-6.8S642.6,314.7,638.9,314.7z\"/>\r\n			<path id=\"f1-p-18\" class=\"st4\" d=\"M638.9,329.2c-1.2,0-57.7,0-59,0c-3.8,0-6.8,3-6.8,6.8s3,6.8,6.8,6.8c1.2,0,57.7,0,59,0\r\n				c3.8,0,6.8-3,6.8-6.8C645.7,332.3,642.6,329.2,638.9,329.2z\"/>\r\n			<path id=\"f1-p-19\" class=\"st4\" d=\"M638.9,343.7c-1.2,0-57.7,0-59,0c-3.8,0-6.8,3-6.8,6.8s3,6.8,6.8,6.8c1.2,0,57.7,0,59,0\r\n				c3.8,0,6.8-3,6.8-6.8C645.7,346.8,642.6,343.7,638.9,343.7z\"/>\r\n			<path id=\"f1-p-20\" class=\"st4\" d=\"M638.9,358.2c-1.2,0-57.7,0-59,0c-3.8,0-6.8,3-6.8,6.8s3,6.8,6.8,6.8c1.2,0,57.7,0,59,0\r\n				c3.8,0,6.8-3,6.8-6.8C645.7,361.3,642.6,358.2,638.9,358.2z\"/>\r\n		</g>\r\n		<g id=\"svg_11\">\r\n			<path id=\"f1-p-21\" class=\"st4\" d=\"M716,300.2c-1.2,0-57.7,0-59,0c-3.8,0-6.8,3-6.8,6.8s3,6.8,6.8,6.8c1.2,0,57.7,0,59,0\r\n				c3.8,0,6.8-3,6.8-6.8S719.8,300.2,716,300.2z\"/>\r\n			<path id=\"f1-p-22\" class=\"st4\" d=\"M716,314.7c-1.2,0-57.7,0-59,0c-3.8,0-6.8,3-6.8,6.8s3,6.8,6.8,6.8c1.2,0,57.7,0,59,0\r\n				c3.8,0,6.8-3,6.8-6.8S719.8,314.7,716,314.7z\"/>\r\n			<path id=\"f1-p-23\" class=\"st4\" d=\"M716,329.2c-1.2,0-57.7,0-59,0c-3.8,0-6.8,3-6.8,6.8s3,6.8,6.8,6.8c1.2,0,57.7,0,59,0\r\n				c3.8,0,6.8-3,6.8-6.8C722.8,332.3,719.8,329.2,716,329.2z\"/>\r\n			<path id=\"f1-p-24\" class=\"st4\" d=\"M716,343.7c-1.2,0-57.7,0-59,0c-3.8,0-6.8,3-6.8,6.8s3,6.8,6.8,6.8c1.2,0,57.7,0,59,0\r\n				c3.8,0,6.8-3,6.8-6.8C722.8,346.8,719.8,343.7,716,343.7z\"/>\r\n			<path id=\"f1-p-25\" class=\"st4\" d=\"M716,358.2c-1.2,0-57.7,0-59,0c-3.8,0-6.8,3-6.8,6.8s3,6.8,6.8,6.8c1.2,0,57.7,0,59,0\r\n				c3.8,0,6.8-3,6.8-6.8C722.8,361.3,719.8,358.2,716,358.2z\"/>\r\n		</g>\r\n		<g id=\"svg_12\">\r\n			<path id=\"f1-p-26\" class=\"st4\" d=\"M793.1,300.2c-1.2,0-57.7,0-59,0c-3.8,0-6.8,3-6.8,6.8s3,6.8,6.8,6.8c1.2,0,57.7,0,59,0\r\n				c3.8,0,6.8-3,6.8-6.8S796.9,300.2,793.1,300.2z\"/>\r\n			<path id=\"f1-p-27\" class=\"st4\" d=\"M793.1,314.7c-1.2,0-57.7,0-59,0c-3.8,0-6.8,3-6.8,6.8s3,6.8,6.8,6.8c1.2,0,57.7,0,59,0\r\n				c3.8,0,6.8-3,6.8-6.8S796.9,314.7,793.1,314.7z\"/>\r\n			<path id=\"f1-p-28\" class=\"st4\" d=\"M793.1,329.2c-1.2,0-57.7,0-59,0c-3.8,0-6.8,3-6.8,6.8s3,6.8,6.8,6.8c1.2,0,57.7,0,59,0\r\n				c3.8,0,6.8-3,6.8-6.8C799.9,332.3,796.9,329.2,793.1,329.2z\"/>\r\n			<path id=\"f1-p-29\" class=\"st4\" d=\"M793.1,343.7c-1.2,0-57.7,0-59,0c-3.8,0-6.8,3-6.8,6.8s3,6.8,6.8,6.8c1.2,0,57.7,0,59,0\r\n				c3.8,0,6.8-3,6.8-6.8C799.9,346.8,796.9,343.7,793.1,343.7z\"/>\r\n			<path id=\"f1-p-30\" class=\"st4\" d=\"M793.1,358.2c-1.2,0-57.7,0-59,0c-3.8,0-6.8,3-6.8,6.8s3,6.8,6.8,6.8c1.2,0,57.7,0,59,0\r\n				c3.8,0,6.8-3,6.8-6.8C799.9,361.3,796.9,358.2,793.1,358.2z\"/>\r\n		</g>\r\n		<g id=\"svg_13\">\r\n			<path id=\"f1-p-31\" class=\"st4\" d=\"M793.1,213.9c-1.2,0-57.7,0-59,0c-3.8,0-6.8,3-6.8,6.8s3,6.8,6.8,6.8c1.2,0,57.7,0,59,0\r\n				c3.8,0,6.8-3,6.8-6.8S796.9,213.9,793.1,213.9z\"/>\r\n			<path id=\"f1-p-32\" class=\"st4\" d=\"M793.1,228.4c-1.2,0-57.7,0-59,0c-3.8,0-6.8,3-6.8,6.8s3,6.8,6.8,6.8c1.2,0,57.7,0,59,0\r\n				c3.8,0,6.8-3,6.8-6.8S796.9,228.4,793.1,228.4z\"/>\r\n			<path id=\"f1-p-33\" class=\"st4\" d=\"M793.1,242.9c-1.2,0-57.7,0-59,0c-3.8,0-6.8,3-6.8,6.8s3,6.8,6.8,6.8c1.2,0,57.7,0,59,0\r\n				c3.8,0,6.8-3,6.8-6.8S796.9,242.9,793.1,242.9z\"/>\r\n			<path id=\"f1-p-34\" class=\"st4\" d=\"M793.1,257.4c-1.2,0-57.7,0-59,0c-3.8,0-6.8,3-6.8,6.8s3,6.8,6.8,6.8c1.2,0,57.7,0,59,0\r\n				c3.8,0,6.8-3,6.8-6.8S796.9,257.4,793.1,257.4z\"/>\r\n			<path id=\"f1-p-35\" class=\"st4\" d=\"M793.1,271.9c-1.2,0-57.7,0-59,0c-3.8,0-6.8,3-6.8,6.8s3,6.8,6.8,6.8c1.2,0,57.7,0,59,0\r\n				c3.8,0,6.8-3,6.8-6.8C799.9,275,796.9,271.9,793.1,271.9z\"/>\r\n		</g>\r\n		<g id=\"svg_14\">\r\n			<path id=\"f1-p-36\" class=\"st4\" d=\"M870.2,300.2c-1.2,0-57.7,0-59,0c-3.8,0-6.8,3-6.8,6.8s3,6.8,6.8,6.8c1.2,0,57.7,0,59,0\r\n				c3.8,0,6.8-3,6.8-6.8S874,300.2,870.2,300.2z\"/>\r\n			<path id=\"f1-p-37\" class=\"st4\" d=\"M870.2,314.7c-1.2,0-57.7,0-59,0c-3.8,0-6.8,3-6.8,6.8s3,6.8,6.8,6.8c1.2,0,57.7,0,59,0\r\n				c3.8,0,6.8-3,6.8-6.8S874,314.7,870.2,314.7z\"/>\r\n			<path id=\"f1-p-38\" class=\"st4\" d=\"M870.2,329.2c-1.2,0-57.7,0-59,0c-3.8,0-6.8,3-6.8,6.8s3,6.8,6.8,6.8c1.2,0,57.7,0,59,0\r\n				c3.8,0,6.8-3,6.8-6.8C877,332.3,874,329.2,870.2,329.2z\"/>\r\n			<path id=\"f1-p-39\" class=\"st4\" d=\"M870.2,343.7c-1.2,0-57.7,0-59,0c-3.8,0-6.8,3-6.8,6.8s3,6.8,6.8,6.8c1.2,0,57.7,0,59,0\r\n				c3.8,0,6.8-3,6.8-6.8C877,346.8,874,343.7,870.2,343.7z\"/>\r\n			<path id=\"f1-p-40\" class=\"st4\" d=\"M870.2,358.2c-1.2,0-57.7,0-59,0c-3.8,0-6.8,3-6.8,6.8s3,6.8,6.8,6.8c1.2,0,57.7,0,59,0\r\n				c3.8,0,6.8-3,6.8-6.8C877,361.3,874,358.2,870.2,358.2z\"/>\r\n		</g>\r\n		<g id=\"svg_15\">\r\n			<path id=\"f1-p-41\" class=\"st4\" d=\"M870.2,213.9c-1.2,0-57.7,0-59,0c-3.8,0-6.8,3-6.8,6.8s3,6.8,6.8,6.8c1.2,0,57.7,0,59,0\r\n				c3.8,0,6.8-3,6.8-6.8S874,213.9,870.2,213.9z\"/>\r\n			<path id=\"f1-p-42\" class=\"st4\" d=\"M870.2,228.4c-1.2,0-57.7,0-59,0c-3.8,0-6.8,3-6.8,6.8s3,6.8,6.8,6.8c1.2,0,57.7,0,59,0\r\n				c3.8,0,6.8-3,6.8-6.8S874,228.4,870.2,228.4z\"/>\r\n			<path id=\"f1-p-43\" class=\"st4\" d=\"M870.2,242.9c-1.2,0-57.7,0-59,0c-3.8,0-6.8,3-6.8,6.8s3,6.8,6.8,6.8c1.2,0,57.7,0,59,0\r\n				c3.8,0,6.8-3,6.8-6.8S874,242.9,870.2,242.9z\"/>\r\n			<path id=\"f1-p-44\" class=\"st4\" d=\"M870.2,257.4c-1.2,0-57.7,0-59,0c-3.8,0-6.8,3-6.8,6.8s3,6.8,6.8,6.8c1.2,0,57.7,0,59,0\r\n				c3.8,0,6.8-3,6.8-6.8S874,257.4,870.2,257.4z\"/>\r\n			<path id=\"f1-p-45\" class=\"st4\" d=\"M870.2,271.9c-1.2,0-57.7,0-59,0c-3.8,0-6.8,3-6.8,6.8s3,6.8,6.8,6.8c1.2,0,57.7,0,59,0\r\n				c3.8,0,6.8-3,6.8-6.8C877,275,874,271.9,870.2,271.9z\"/>\r\n		</g>\r\n		<g id=\"svg_16\">\r\n			<path id=\"f1-p-46\" class=\"st4\" d=\"M933.7,228.4c-1.2,0-44.1,0-45.4,0c-3.8,0-6.8,3-6.8,6.8s3,6.8,6.8,6.8c1.2,0,44.1,0,45.4,0\r\n				c3.8,0,6.8-3,6.8-6.8C940.6,231.4,937.5,228.4,933.7,228.4z\"/>\r\n			<path id=\"f1-p-47\" class=\"st4\" d=\"M933.7,242.9c-1.2,0-44.1,0-45.4,0c-3.8,0-6.8,3-6.8,6.8s3,6.8,6.8,6.8c1.2,0,44.1,0,45.4,0\r\n				c3.8,0,6.8-3,6.8-6.8S937.5,242.9,933.7,242.9z\"/>\r\n			<path id=\"f1-p-48\" class=\"st4\" d=\"M942.8,257.4c-1.2,0-53.2,0-54.4,0c-3.8,0-6.8,3-6.8,6.8s3,6.8,6.8,6.8c1.2,0,53.2,0,54.4,0\r\n				c3.8,0,6.8-3,6.8-6.8S946.6,257.4,942.8,257.4z\"/>\r\n			<path id=\"f1-p-49\" class=\"st4\" d=\"M942.8,271.9c-1.2,0-53.2,0-54.4,0c-3.8,0-6.8,3-6.8,6.8s3,6.8,6.8,6.8c1.2,0,53.2,0,54.4,0\r\n				c3.8,0,6.8-3,6.8-6.8C949.6,275,946.6,271.9,942.8,271.9z\"/>\r\n		</g>\r\n		<g id=\"svg_17\">\r\n			<path id=\"f1-p-50\" class=\"st4\" d=\"M947.4,300.2c-1.2,0-57.7,0-59,0c-3.8,0-6.8,3-6.8,6.8s3,6.8,6.8,6.8c1.2,0,57.7,0,59,0\r\n				c3.8,0,6.8-3,6.8-6.8S951.1,300.2,947.4,300.2z\"/>\r\n			<path id=\"f1-p-51\" class=\"st4\" d=\"M947.4,314.7c-1.2,0-57.7,0-59,0c-3.8,0-6.8,3-6.8,6.8s3,6.8,6.8,6.8c1.2,0,57.7,0,59,0\r\n				c3.8,0,6.8-3,6.8-6.8S951.1,314.7,947.4,314.7z\"/>\r\n			<path id=\"f1-p-52\" class=\"st4\" d=\"M947.4,329.2c-1.2,0-57.7,0-59,0c-3.8,0-6.8,3-6.8,6.8s3,6.8,6.8,6.8c1.2,0,57.7,0,59,0\r\n				c3.8,0,6.8-3,6.8-6.8C954.2,332.3,951.1,329.2,947.4,329.2z\"/>\r\n			<path id=\"f1-p-53\" class=\"st4\" d=\"M947.4,343.7c-1.2,0-57.7,0-59,0c-3.8,0-6.8,3-6.8,6.8s3,6.8,6.8,6.8c1.2,0,57.7,0,59,0\r\n				c3.8,0,6.8-3,6.8-6.8C954.2,346.8,951.1,343.7,947.4,343.7z\"/>\r\n			<path id=\"f1-p-54\" class=\"st4\" d=\"M947.4,358.2c-1.2,0-57.7,0-59,0c-3.8,0-6.8,3-6.8,6.8s3,6.8,6.8,6.8c1.2,0,57.7,0,59,0\r\n				c3.8,0,6.8-3,6.8-6.8C954.2,361.3,951.1,358.2,947.4,358.2z\"/>\r\n		</g>\r\n		<polygon id=\"svg_18\" class=\"st5\" points=\"789.2,27.3 752.3,45.1 768.4,78.7 810.6,53.7 		\"/>\r\n		<polygon id=\"svg_19\" class=\"st5\" points=\"777.8,98.3 805.9,156.8 865.6,121.3 824.4,70.6 		\"/>\r\n		<polygon id=\"svg_20\" class=\"st6\" points=\"810.6,53.7 768.4,78.7 777.8,98.3 824.4,70.6 		\"/>\r\n		<polygon id=\"svg_21\" class=\"st6\" points=\"140.1,296.7 162.7,296.7 162.7,371.9 136.2,371.9 		\"/>\r\n		<g id=\"svg_22\">\r\n			<path id=\"svg_23\" class=\"st5\" d=\"M788.9,28.6l75.2,92.4l-57.8,34.3L753.6,45.5L788.9,28.6 M789.2,27.3L752.3,45l53.6,111.7\r\n				l59.8-35.5L789.2,27.3L789.2,27.3L789.2,27.3z\"/>\r\n		</g>\r\n		<g id=\"svg_24\">\r\n			<path id=\"svg_25\" class=\"st3\" d=\"M336.2,297.7v73.1h-299l7.7-73.1H336.2 M337.2,296.7H44l-7.9,75.1h301.1V296.7L337.2,296.7z\"/>\r\n      \r\n		</g>\r\n		<polygon id=\"svg_26\" class=\"st7\" points=\"807.8,160.7 828.5,203.9 932.9,203.9 868.4,124.7 		\"/>\r\n	</g>\r\n	<g id=\"svg_27\">\r\n		<g id=\"svg_28\">\r\n			<g id=\"svg_29\">\r\n				<g id=\"svg_30\">\r\n					<circle id=\"svg_31\" class=\"st8\" cx=\"42.2\" cy=\"52.4\" r=\"8.5\"/>\r\n					<path id=\"svg_32\" class=\"st7\" d=\"M42.2,44.9c4.1,0,7.5,3.4,7.5,7.5s-3.4,7.5-7.5,7.5s-7.5-3.4-7.5-7.5S38,44.9,42.2,44.9\r\n						 M42.2,42.9c-5.2,0-9.5,4.3-9.5,9.5s4.3,9.5,9.5,9.5s9.5-4.3,9.5-9.5S47.4,42.9,42.2,42.9L42.2,42.9z\"/>\r\n				</g>\r\n				<g id=\"svg_33\">\r\n					<circle id=\"svg_34\" class=\"st9\" cx=\"42.2\" cy=\"82.4\" r=\"8.5\"/>\r\n					<g id=\"svg_35\">\r\n						<path id=\"svg_36\" class=\"st7\" d=\"M42.2,74.9c4.1,0,7.5,3.4,7.5,7.5s-3.4,7.5-7.5,7.5s-7.5-3.4-7.5-7.5S38,74.9,42.2,74.9\r\n							 M42.2,72.9c-5.2,0-9.5,4.3-9.5,9.5s4.3,9.5,9.5,9.5s9.5-4.3,9.5-9.5S47.4,72.9,42.2,72.9L42.2,72.9z\"/>\r\n					</g>\r\n				</g>\r\n				<g id=\"svg_37\">\r\n					<circle id=\"svg_38\" class=\"st4\" cx=\"42.2\" cy=\"112.4\" r=\"8.5\"/>\r\n					<g id=\"svg_39\">\r\n						<path id=\"svg_40\" class=\"st7\" d=\"M42.2,104.9c4.1,0,7.5,3.4,7.5,7.5s-3.4,7.5-7.5,7.5s-7.5-3.4-7.5-7.5S38,104.9,42.2,104.9\r\n							 M42.2,102.9c-5.2,0-9.5,4.3-9.5,9.5s4.3,9.5,9.5,9.5s9.5-4.3,9.5-9.5S47.4,102.9,42.2,102.9L42.2,102.9z\"/>\r\n					</g>\r\n				</g>\r\n			</g>\r\n		</g>\r\n	</g>\r\n	<g id=\"svg_41\">\r\n		<rect id=\"svg_42\" x=\"145.9\" y=\"329.3\" class=\"st10\" width=\"10\" height=\"10\"/>\r\n		\r\n			<rect id=\"svg_43\" x=\"790.7\" y=\"70.1\" transform=\"matrix(0.8616 -0.5075 0.5075 0.8616 71.9779 414.2077)\" class=\"st10\" width=\"10\" height=\"10\"/>\r\n		<rect id=\"svg_44\" x=\"981.9\" y=\"361.3\" class=\"st10\" width=\"10\" height=\"10\"/>\r\n		<rect id=\"svg_45\" x=\"959.1\" y=\"351.3\" class=\"st10\" width=\"10\" height=\"20\"/>\r\n		<rect id=\"svg_46\" x=\"842.7\" y=\"190.1\" class=\"st10\" width=\"20\" height=\"10\"/>\r\n		\r\n			<rect id=\"svg_47\" x=\"831.6\" y=\"145\" transform=\"matrix(0.8616 -0.5075 0.5075 0.8616 37.7753 448.5539)\" class=\"st10\" width=\"20\" height=\"20\"/>\r\n		\r\n			<rect id=\"svg_48\" x=\"814.3\" y=\"155.1\" transform=\"matrix(0.8616 -0.5075 0.5075 0.8616 30.2588 441.1705)\" class=\"st10\" width=\"20\" height=\"20\"/>\r\n		\r\n			<rect id=\"svg_49\" x=\"854.9\" y=\"142.1\" transform=\"matrix(0.8616 -0.5075 0.5075 0.8616 45.0099 459.2878)\" class=\"st10\" width=\"20\" height=\"10\"/>\r\n		\r\n			<rect id=\"svg_50\" x=\"897.2\" y=\"167.6\" transform=\"matrix(0.7785 -0.6276 0.6276 0.7785 88.3277 605.5524)\" class=\"st10\" width=\"10\" height=\"20\"/>\r\n		<g id=\"svg_51\">\r\n			<text id=\"svg_52\" transform=\"matrix(1 0 0 1 225.0275 339.3205)\" class=\"st7 st11 st12\">Sea Water</text>\r\n		</g>\r\n		<g id=\"svg_53\">\r\n			<text id=\"svg_54\" transform=\"matrix(1 0 0 1 63.1994 339.3205)\" class=\"st7 st11 st12\">Sea Water</text>\r\n		</g>\r\n		<g id=\"svg_55\">\r\n			<text id=\"svg_56\" transform=\"matrix(1 0 0 1 807.9448 104.6906)\" class=\"st7 st11 st12\">Main</text>\r\n			<text id=\"svg_57\" transform=\"matrix(1 0 0 1 794.3448 118.6906)\" class=\"st7 st11 st12\">Duscharge</text>\r\n		</g>\r\n	</g>\r\n	<g id=\"svg_58\">\r\n		<text id=\"svg_59\" transform=\"matrix(1 0 0 1 736.05 445.6804)\" class=\"st7 st11 st13\">A.</text>\r\n		<text id=\"svg_60\" transform=\"matrix(1 0 0 1 736.65 463.6804)\" class=\"st7 st11 st13\">B.</text>\r\n		<text id=\"svg_61\" transform=\"matrix(1 0 0 1 736.05 481.6804)\" class=\"st7 st11 st13\">C.</text>\r\n		<text id=\"svg_62\" transform=\"matrix(1 0 0 1 736.15 499.6804)\" class=\"st7 st11 st13\">D.</text>\r\n		<text id=\"svg_63\" transform=\"matrix(1 0 0 1 865.4977 445.6804)\" class=\"st7 st11 st13\">E.</text>\r\n		<text id=\"svg_64\" transform=\"matrix(1 0 0 1 865.5977 463.6804)\" class=\"st7 st11 st13\">F.</text>\r\n		<text id=\"svg_65\" transform=\"matrix(1 0 0 1 864.5977 481.6804)\" class=\"st7 st11 st13\">G.</text>\r\n		<text id=\"svg_66\" transform=\"matrix(1 0 0 1 864.7977 499.6804)\" class=\"st7 st11 st13\">H.</text>\r\n		<text id=\"svg_67\" transform=\"matrix(1 0 0 1 753.558 445.6804)\" class=\"st7 st11 st13\">POS JAGA</text>\r\n		<text id=\"svg_68\" transform=\"matrix(1 0 0 1 753.558 463.6804)\" class=\"st7 st11 st13\">KANTOR</text>\r\n		<text id=\"svg_69\" transform=\"matrix(1 0 0 1 753.558 481.6804)\" class=\"st7 st11 st13\">WISMA</text>\r\n		<text id=\"svg_70\" transform=\"matrix(1 0 0 1 753.558 499.6804)\" class=\"st7 st11 st13\">RUMAH GENSET</text>\r\n		<text id=\"svg_71\" transform=\"matrix(1 0 0 1 736.8666 414.782)\" class=\"st7 st11 st13\">KETERANGAN BANGUNNAN</text>\r\n		<text id=\"svg_72\" transform=\"matrix(1 0 0 1 882.8027 445.6804)\" class=\"st7 st11 st13\">GUDANG PERALATAN</text>\r\n		<text id=\"svg_73\" transform=\"matrix(1 0 0 1 882.8027 463.6804)\" class=\"st7 st11 st13\">GUDANG PAKAN</text>\r\n		<text id=\"svg_74\" transform=\"matrix(1 0 0 1 882.8027 481.6804)\" class=\"st7 st11 st13\">RUMAH SORTIR</text>\r\n		<text id=\"svg_75\" transform=\"matrix(1 0 0 1 882.8027 499.6804)\" class=\"st7 st11 st13\">RUMAH POMPA</text>\r\n	</g>\r\n	<text id=\"svg_76\" transform=\"matrix(1 0 0 1 147.3769 350.8205)\" class=\"st14 st11 st12\">H</text>\r\n	<text id=\"svg_77\" transform=\"matrix(1 0 0 1 977.7734 359.2195)\" class=\"st14 st11 st12\">A</text>\r\n	<text id=\"svg_78\" transform=\"matrix(1 0 0 1 961.0663 365.0486)\" class=\"st14 st11 st12\">B</text>\r\n	<text id=\"svg_79\" transform=\"matrix(1 0 0 1 849.2411 198.7981)\" class=\"st14 st11 st12\">C</text>\r\n	<text id=\"svg_80\" transform=\"matrix(1 0 0 1 821.4118 168.7981)\" class=\"st14 st11 st12\">E</text>\r\n	<text id=\"svg_81\" transform=\"matrix(1 0 0 1 838.7194 158.8606)\" class=\"st14 st11 st12\">F</text>\r\n	<text id=\"svg_82\" transform=\"matrix(1 0 0 1 861.1467 150.614)\" class=\"st14 st11 st12\">G</text>\r\n	<text id=\"svg_83\" transform=\"matrix(1 0 0 1 898.9623 181.0251)\" class=\"st14 st11 st12\">D</text>\r\n	<g id=\"svg_84\">\r\n		<text id=\"svg_85\" transform=\"matrix(1 0 0 1 802.5146 72.3081)\" class=\"st14 st11 st12\">H</text>\r\n	</g>\r\n	<g id=\"svg_86\" class=\"st15\">\r\n		<text id=\"svg_87\" transform=\"matrix(1 0 0 1 84.5024 534.9604)\" class=\"st16 st17 st18\">養殖場設定</text>\r\n	</g>\r\n	<text id=\"svg_88\" transform=\"matrix(1 0 0 1 59.7909 57.5586)\" class=\"st7 st17 st18\">Normal</text>\r\n	<text id=\"svg_89\" transform=\"matrix(1 0 0 1 59.7909 87.5586)\" class=\"st7 st17 st18\">Error detection</text>\r\n	<text id=\"svg_90\" transform=\"matrix(1 0 0 1 59.7909 117.5586)\" class=\"st7 st17 st18\">Dormancy</text>\r\n	<text id=\"txt-f1-p-1\" transform=\"matrix(1 0 0 1 369.9831 310.556)\" class=\"st7 st11 st12\"></text>\r\n	<text id=\"txt-f1-p-2\" transform=\"matrix(1 0 0 1 369.9833 325.008)\" class=\"st7 st11 st12\"></text>\r\n	<text id=\"txt-f1-p-3\" transform=\"matrix(1 0 0 1 369.983 339.3206)\" class=\"st7 st11 st12\"></text>\r\n	<text id=\"txt-f1-p-4\" transform=\"matrix(1 0 0 1 369.983 354.0175)\" class=\"st7 st11 st12\"></text>\r\n	<text id=\"txt-f1-p-5\" transform=\"matrix(1 0 0 1 369.9831 368.7144)\" class=\"st7 st11 st12\"></text>\r\n	<text id=\"txt-f1-p-6\" transform=\"matrix(1 0 0 1 448.4303 310.5556)\" class=\"st7 st11 st12\"></text>\r\n	<text id=\"txt-f1-p-7\" transform=\"matrix(1 0 0 1 448.4302 325.0079)\" class=\"st7 st11 st12\"></text>\r\n	<text id=\"txt-f1-p-8\" transform=\"matrix(1 0 0 1 448.4301 339.3207)\" class=\"st7 st11 st12\"></text>\r\n	<text id=\"txt-f1-p-9\" transform=\"matrix(1 0 0 1 448.43 354.018)\" class=\"st7 st11 st12\"></text>\r\n	<text id=\"txt-f1-p-10\" transform=\"matrix(1 0 0 1 448.43 368.7148)\" class=\"st7 st11 st12\"></text>\r\n	<text id=\"txt-f1-p-11\" transform=\"matrix(1 0 0 1 525.6299 310.556)\" class=\"st7 st11 st12\"></text>\r\n	<text id=\"txt-f1-p-12\" transform=\"matrix(1 0 0 1 525.6301 325.0083)\" class=\"st7 st11 st12\"></text>\r\n	<text id=\"txt-f1-p-13\" transform=\"matrix(1 0 0 1 525.6301 339.321)\" class=\"st7 st11 st12\"></text>\r\n	<text id=\"txt-f1-p-14\" transform=\"matrix(1 0 0 1 525.6301 354.0172)\" class=\"st7 st11 st12\"></text>\r\n	<text id=\"txt-f1-p-15\" transform=\"matrix(1 0 0 1 525.6301 368.7141)\" class=\"st7 st11 st12\"></text>\r\n	<text id=\"txt-f1-p-16\" transform=\"matrix(1 0 0 1 602.7303 310.5562)\" class=\"st7 st11 st12\"></text>\r\n	<text id=\"txt-f1-p-17\" transform=\"matrix(1 0 0 1 602.7299 325.0075)\" class=\"st7 st11 st12\"></text>\r\n	<text id=\"txt-f1-p-18\" transform=\"matrix(1 0 0 1 602.7303 339.3207)\" class=\"st7 st11 st12\"></text>\r\n	<text id=\"txt-f1-p-19\" transform=\"matrix(1 0 0 1 602.7298 354.0176)\" class=\"st7 st11 st12\"></text>\r\n	<text id=\"txt-f1-p-20\" transform=\"matrix(1 0 0 1 602.7301 368.7141)\" class=\"st7 st11 st12\"></text>\r\n	<text id=\"txt-f1-p-21\" transform=\"matrix(1 0 0 1 679.8297 310.5565)\" class=\"st7 st11 st12\"></text>\r\n	<text id=\"txt-f1-p-22\" transform=\"matrix(1 0 0 1 679.8297 325.0082)\" class=\"st7 st11 st12\"></text>\r\n	<text id=\"txt-f1-p-23\" transform=\"matrix(1 0 0 1 679.8297 339.3214)\" class=\"st7 st11 st12\"></text>\r\n	<text id=\"txt-f1-p-24\" transform=\"matrix(1 0 0 1 679.8293 354.018)\" class=\"st7 st11 st12\"></text>\r\n	<text id=\"txt-f1-p-25\" transform=\"matrix(1 0 0 1 679.8296 368.7146)\" class=\"st7 st11 st12\"></text>\r\n	<text id=\"txt-f1-p-26\" transform=\"matrix(1 0 0 1 756.9296 224.4197)\" class=\"st7 st11 st12\"></text>\r\n	<text id=\"txt-f1-p-27\" transform=\"matrix(1 0 0 1 756.9294 239.1166)\" class=\"st7 st11 st12\"></text>\r\n	<text id=\"txt-f1-p-28\" transform=\"matrix(1 0 0 1 756.9292 253.0787)\" class=\"st7 st11 st12\"></text>\r\n	<text id=\"txt-f1-p-29\" transform=\"matrix(1 0 0 1 756.9287 267.5306)\" class=\"st7 st11 st12\"></text>\r\n	<text id=\"txt-f1-p-30\" transform=\"matrix(1 0 0 1 756.9287 282.4725)\" class=\"st7 st11 st12\"></text>\r\n	<text id=\"txt-f1-p-31\" transform=\"matrix(1 0 0 1 756.9287 310.5564)\" class=\"st7 st11 st12\"></text>\r\n	<text id=\"txt-f1-p-32\" transform=\"matrix(1 0 0 1 756.9287 325.0072)\" class=\"st7 st11 st12\"></text>\r\n	<text id=\"txt-f1-p-33\" transform=\"matrix(1 0 0 1 756.9287 339.3209)\" class=\"st7 st11 st12\"></text>\r\n	<text id=\"txt-f1-p-34\" transform=\"matrix(1 0 0 1 756.9287 354.0176)\" class=\"st7 st11 st12\"></text>\r\n	<text id=\"txt-f1-p-35\" transform=\"matrix(1 0 0 1 756.9287 368.7149)\" class=\"st7 st11 st12\"></text>\r\n	<text id=\"txt-f1-p-36\" transform=\"matrix(1 0 0 1 834.0301 224.4198)\" class=\"st7 st11 st12\"></text>\r\n	<text id=\"txt-f1-p-37\" transform=\"matrix(1 0 0 1 834.0299 239.1165)\" class=\"st7 st11 st12\"></text>\r\n	<text id=\"txt-f1-p-38\" transform=\"matrix(1 0 0 1 834.0297 253.0789)\" class=\"st7 st11 st12\"></text>\r\n	<text id=\"txt-f1-p-39\" transform=\"matrix(1 0 0 1 834.0302 267.5305)\" class=\"st7 st11 st12\"></text>\r\n	<text id=\"txt-f1-p-40\" transform=\"matrix(1 0 0 1 834.0296 282.4727)\" class=\"st7 st11 st12\"></text>\r\n	<text id=\"txt-f1-p-41\" transform=\"matrix(1 0 0 1 834.0299 310.5556)\" class=\"st7 st11 st12\"></text>\r\n	<text id=\"txt-f1-p-42\" transform=\"matrix(1 0 0 1 834.0292 325.0083)\" class=\"st7 st11 st12\"></text>\r\n	<text id=\"txt-f1-p-43\" transform=\"matrix(1 0 0 1 834.0292 339.321)\" class=\"st7 st11 st12\"></text>\r\n	<text id=\"txt-f1-p-44\" transform=\"matrix(1 0 0 1 834.0291 354.0177)\" class=\"st7 st11 st12\"></text>\r\n	<text id=\"txt-f1-p-45\" transform=\"matrix(1 0 0 1 834.0289 368.715)\" class=\"st7 st11 st12\"></text>\r\n	<text id=\"txt-f1-p-46\" transform=\"matrix(1 0 0 1 904.3297 239.1168)\" class=\"st7 st11 st12\"></text>\r\n	<text id=\"txt-f1-p-47\" transform=\"matrix(1 0 0 1 904.3293 253.0788)\" class=\"st7 st11 st12\"></text>\r\n	<text id=\"txt-f1-p-48\" transform=\"matrix(1 0 0 1 911.2303 267.5308)\" class=\"st7 st11 st12\"></text>\r\n	<text id=\"txt-f1-p-49\" transform=\"matrix(1 0 0 1 911.2302 282.4725)\" class=\"st7 st11 st12\"></text>\r\n	<text id=\"txt-f1-p-50\" transform=\"matrix(1 0 0 1 911.2299 310.5555)\" class=\"st7 st11 st12\"></text>\r\n	<text id=\"txt-f1-p-51\" transform=\"matrix(1 0 0 1 911.2302 325.0081)\" class=\"st7 st11 st12\"></text>\r\n	<text id=\"txt-f1-p-52\" transform=\"matrix(1 0 0 1 911.2301 339.3208)\" class=\"st7 st11 st12\"></text>\r\n	<text id=\"txt-f1-p-53\" transform=\"matrix(1 0 0 1 911.2295 354.0185)\" class=\"st7 st11 st12\"></text>\r\n	<text id=\"txt-f1-p-54\" transform=\"matrix(1 0 0 1 911.2295 368.7141)\" class=\"st7 st11 st12\"></text>\r\n</g>                                                                                                                                                                                       \r\n</svg>\r\n',2,'2019-01-02 11:59:39','2019-02-18 10:26:07',1,NULL),
(3,'養殖場 C','Farm C','<?xml version=\"1.0\" encoding=\"utf-8\"?>\r\n<!-- Generator: Adobe Illustrator 19.2.1, SVG Export Plug-In . SVG Version: 6.00 Build 0)  -->\r\n<svg version=\"1.1\" id=\"Layer_1\" xmlns=\"http://www.w3.org/2000/svg\" xmlns:xlink=\"http://www.w3.org/1999/xlink\" x=\"0px\" y=\"0px\"\r\n	 viewBox=\"0 0 1026.4 577.2\" style=\"enable-background:new 0 0 1026.4 577.2;\" xml:space=\"preserve\">\r\n<style type=\"text/css\">\r\n	.st0{fill:none;}\r\n	.st1{fill:#659AD2;}\r\n	.st2{fill:#E6E7E8;}\r\n	.st3{fill:#92C5EB;}\r\n	.st4{fill:#D0D2D3;}\r\n	.st5{fill:#768B90;}\r\n	.st6{fill:#CCCCCC;}\r\n	.st7{fill:#FFFFFF;}\r\n	.st8{fill:#00E632;}\r\n	.st9{fill:#DE773F;}\r\n	.st10{fill:none;stroke:#666666;stroke-miterlimit:10;}\r\n	.st11{font-family:\'ArialMT\';}\r\n	.st12{font-size:10px;}\r\n	.st13{font-size:12px;}\r\n	.st14{fill:#666666;}\r\n	.st15{display:none;}\r\n	.st16{display:inline;fill:#659AD2;}\r\n	.st17{font-family:\'KozGoPr6N-Regular-83pv-RKSJ-H\';}\r\n	.st18{font-size:14px;}\r\n</style>\r\n<g>\r\n	<title>background</title>\r\n	<rect id=\"canvas_background\" x=\"-1\" y=\"-1\" class=\"st0\" width=\"582\" height=\"402\"/>\r\n</g>\r\n<g>\r\n	<title>Layer 1</title>\r\n	<rect id=\"svg_1\" x=\"1\" class=\"st1\" width=\"1024.5\" height=\"576.4\"/>\r\n	<line id=\"svg_2\" class=\"st0\" x1=\"746.5\" y1=\"576.4\" x2=\"746.5\" y2=\"-61.6\"/>\r\n	<g id=\"svg_3\">\r\n		<polygon id=\"svg_4\" class=\"st2\" points=\"31,376.4 1000,376.4 997.9,362.6 938.1,203.7 790.7,22.4 746.8,43.5 823.8,203.9 \r\n			723.1,203.9 723.1,292.1 39.9,292.1 		\"/>\r\n		<rect id=\"svg_5\" x=\"162.7\" y=\"296.7\" class=\"st3\" width=\"174.5\" height=\"75.1\"/>\r\n		<polygon id=\"svg_6\" class=\"st3\" points=\"136.2,371.9 36.1,371.9 44,296.7 140.1,296.7 		\"/>\r\n		<g id=\"svg_7\">\r\n			<path id=\"f1-p-1\" class=\"st4\" d=\"M407.5,300.2c-1.2,0-57.7,0-59,0c-3.8,0-6.8,3-6.8,6.8s3,6.8,6.8,6.8c1.2,0,57.7,0,59,0\r\n				c3.8,0,6.8-3,6.8-6.8S411.3,300.2,407.5,300.2z\"/>\r\n			<path id=\"f1-p-2\" class=\"st4\" d=\"M407.5,314.7c-1.2,0-57.7,0-59,0c-3.8,0-6.8,3-6.8,6.8s3,6.8,6.8,6.8c1.2,0,57.7,0,59,0\r\n				c3.8,0,6.8-3,6.8-6.8S411.3,314.7,407.5,314.7z\"/>\r\n			<path id=\"f1-p-3\" class=\"st4\" d=\"M407.5,329.2c-1.2,0-57.7,0-59,0c-3.8,0-6.8,3-6.8,6.8s3,6.8,6.8,6.8c1.2,0,57.7,0,59,0\r\n				c3.8,0,6.8-3,6.8-6.8C414.3,332.3,411.3,329.2,407.5,329.2z\"/>\r\n			<path id=\"f1-p-4\" class=\"st4\" d=\"M407.5,343.7c-1.2,0-57.7,0-59,0c-3.8,0-6.8,3-6.8,6.8s3,6.8,6.8,6.8c1.2,0,57.7,0,59,0\r\n				c3.8,0,6.8-3,6.8-6.8C414.3,346.8,411.3,343.7,407.5,343.7z\"/>\r\n			<path id=\"f1-p-5\" class=\"st4\" d=\"M407.5,358.2c-1.2,0-57.7,0-59,0c-3.8,0-6.8,3-6.8,6.8s3,6.8,6.8,6.8c1.2,0,57.7,0,59,0\r\n				c3.8,0,6.8-3,6.8-6.8C414.3,361.3,411.3,358.2,407.5,358.2z\"/>\r\n		</g>\r\n		<g id=\"svg_8\">\r\n			<path id=\"f1-p-6\" class=\"st4\" d=\"M484.6,300.2c-1.2,0-57.7,0-59,0c-3.8,0-6.8,3-6.8,6.8s3,6.8,6.8,6.8c1.2,0,57.7,0,59,0\r\n				c3.8,0,6.8-3,6.8-6.8S488.4,300.2,484.6,300.2z\"/>\r\n			<path id=\"f1-p-7\" class=\"st4\" d=\"M484.6,314.7c-1.2,0-57.7,0-59,0c-3.8,0-6.8,3-6.8,6.8s3,6.8,6.8,6.8c1.2,0,57.7,0,59,0\r\n				c3.8,0,6.8-3,6.8-6.8S488.4,314.7,484.6,314.7z\"/>\r\n			<path id=\"f1-p-8\" class=\"st4\" d=\"M484.6,329.2c-1.2,0-57.7,0-59,0c-3.8,0-6.8,3-6.8,6.8s3,6.8,6.8,6.8c1.2,0,57.7,0,59,0\r\n				c3.8,0,6.8-3,6.8-6.8C491.4,332.3,488.4,329.2,484.6,329.2z\"/>\r\n			<path id=\"f1-p-9\" class=\"st4\" d=\"M484.6,343.7c-1.2,0-57.7,0-59,0c-3.8,0-6.8,3-6.8,6.8s3,6.8,6.8,6.8c1.2,0,57.7,0,59,0\r\n				c3.8,0,6.8-3,6.8-6.8C491.4,346.8,488.4,343.7,484.6,343.7z\"/>\r\n			<path id=\"f1-p-10\" class=\"st4\" d=\"M484.6,358.2c-1.2,0-57.7,0-59,0c-3.8,0-6.8,3-6.8,6.8s3,6.8,6.8,6.8c1.2,0,57.7,0,59,0\r\n				c3.8,0,6.8-3,6.8-6.8C491.4,361.3,488.4,358.2,484.6,358.2z\"/>\r\n		</g>\r\n		<g id=\"svg_9\">\r\n			<path id=\"f1-p-11\" class=\"st4\" d=\"M561.8,300.2c-1.2,0-57.7,0-59,0c-3.8,0-6.8,3-6.8,6.8s3,6.8,6.8,6.8c1.2,0,57.7,0,59,0\r\n				c3.8,0,6.8-3,6.8-6.8S565.5,300.2,561.8,300.2z\"/>\r\n			<path id=\"f1-p-12\" class=\"st4\" d=\"M561.8,314.7c-1.2,0-57.7,0-59,0c-3.8,0-6.8,3-6.8,6.8s3,6.8,6.8,6.8c1.2,0,57.7,0,59,0\r\n				c3.8,0,6.8-3,6.8-6.8S565.5,314.7,561.8,314.7z\"/>\r\n			<path id=\"f1-p-13\" class=\"st4\" d=\"M561.8,329.2c-1.2,0-57.7,0-59,0c-3.8,0-6.8,3-6.8,6.8s3,6.8,6.8,6.8c1.2,0,57.7,0,59,0\r\n				c3.8,0,6.8-3,6.8-6.8C568.6,332.3,565.5,329.2,561.8,329.2z\"/>\r\n			<path id=\"f1-p-14\" class=\"st4\" d=\"M561.8,343.7c-1.2,0-57.7,0-59,0c-3.8,0-6.8,3-6.8,6.8s3,6.8,6.8,6.8c1.2,0,57.7,0,59,0\r\n				c3.8,0,6.8-3,6.8-6.8C568.6,346.8,565.5,343.7,561.8,343.7z\"/>\r\n			<path id=\"f1-p-15\" class=\"st4\" d=\"M561.8,358.2c-1.2,0-57.7,0-59,0c-3.8,0-6.8,3-6.8,6.8s3,6.8,6.8,6.8c1.2,0,57.7,0,59,0\r\n				c3.8,0,6.8-3,6.8-6.8C568.6,361.3,565.5,358.2,561.8,358.2z\"/>\r\n		</g>\r\n		<g id=\"svg_10\">\r\n			<path id=\"f1-p-16\" class=\"st4\" d=\"M638.9,300.2c-1.2,0-57.7,0-59,0c-3.8,0-6.8,3-6.8,6.8s3,6.8,6.8,6.8c1.2,0,57.7,0,59,0\r\n				c3.8,0,6.8-3,6.8-6.8S642.6,300.2,638.9,300.2z\"/>\r\n			<path id=\"f1-p-17\" class=\"st4\" d=\"M638.9,314.7c-1.2,0-57.7,0-59,0c-3.8,0-6.8,3-6.8,6.8s3,6.8,6.8,6.8c1.2,0,57.7,0,59,0\r\n				c3.8,0,6.8-3,6.8-6.8S642.6,314.7,638.9,314.7z\"/>\r\n			<path id=\"f1-p-18\" class=\"st4\" d=\"M638.9,329.2c-1.2,0-57.7,0-59,0c-3.8,0-6.8,3-6.8,6.8s3,6.8,6.8,6.8c1.2,0,57.7,0,59,0\r\n				c3.8,0,6.8-3,6.8-6.8C645.7,332.3,642.6,329.2,638.9,329.2z\"/>\r\n			<path id=\"f1-p-19\" class=\"st4\" d=\"M638.9,343.7c-1.2,0-57.7,0-59,0c-3.8,0-6.8,3-6.8,6.8s3,6.8,6.8,6.8c1.2,0,57.7,0,59,0\r\n				c3.8,0,6.8-3,6.8-6.8C645.7,346.8,642.6,343.7,638.9,343.7z\"/>\r\n			<path id=\"f1-p-20\" class=\"st4\" d=\"M638.9,358.2c-1.2,0-57.7,0-59,0c-3.8,0-6.8,3-6.8,6.8s3,6.8,6.8,6.8c1.2,0,57.7,0,59,0\r\n				c3.8,0,6.8-3,6.8-6.8C645.7,361.3,642.6,358.2,638.9,358.2z\"/>\r\n		</g>\r\n		<g id=\"svg_11\">\r\n			<path id=\"f1-p-21\" class=\"st4\" d=\"M716,300.2c-1.2,0-57.7,0-59,0c-3.8,0-6.8,3-6.8,6.8s3,6.8,6.8,6.8c1.2,0,57.7,0,59,0\r\n				c3.8,0,6.8-3,6.8-6.8S719.8,300.2,716,300.2z\"/>\r\n			<path id=\"f1-p-22\" class=\"st4\" d=\"M716,314.7c-1.2,0-57.7,0-59,0c-3.8,0-6.8,3-6.8,6.8s3,6.8,6.8,6.8c1.2,0,57.7,0,59,0\r\n				c3.8,0,6.8-3,6.8-6.8S719.8,314.7,716,314.7z\"/>\r\n			<path id=\"f1-p-23\" class=\"st4\" d=\"M716,329.2c-1.2,0-57.7,0-59,0c-3.8,0-6.8,3-6.8,6.8s3,6.8,6.8,6.8c1.2,0,57.7,0,59,0\r\n				c3.8,0,6.8-3,6.8-6.8C722.8,332.3,719.8,329.2,716,329.2z\"/>\r\n			<path id=\"f1-p-24\" class=\"st4\" d=\"M716,343.7c-1.2,0-57.7,0-59,0c-3.8,0-6.8,3-6.8,6.8s3,6.8,6.8,6.8c1.2,0,57.7,0,59,0\r\n				c3.8,0,6.8-3,6.8-6.8C722.8,346.8,719.8,343.7,716,343.7z\"/>\r\n			<path id=\"f1-p-25\" class=\"st4\" d=\"M716,358.2c-1.2,0-57.7,0-59,0c-3.8,0-6.8,3-6.8,6.8s3,6.8,6.8,6.8c1.2,0,57.7,0,59,0\r\n				c3.8,0,6.8-3,6.8-6.8C722.8,361.3,719.8,358.2,716,358.2z\"/>\r\n		</g>\r\n		<g id=\"svg_12\">\r\n			<path id=\"f1-p-26\" class=\"st4\" d=\"M793.1,300.2c-1.2,0-57.7,0-59,0c-3.8,0-6.8,3-6.8,6.8s3,6.8,6.8,6.8c1.2,0,57.7,0,59,0\r\n				c3.8,0,6.8-3,6.8-6.8S796.9,300.2,793.1,300.2z\"/>\r\n			<path id=\"f1-p-27\" class=\"st4\" d=\"M793.1,314.7c-1.2,0-57.7,0-59,0c-3.8,0-6.8,3-6.8,6.8s3,6.8,6.8,6.8c1.2,0,57.7,0,59,0\r\n				c3.8,0,6.8-3,6.8-6.8S796.9,314.7,793.1,314.7z\"/>\r\n			<path id=\"f1-p-28\" class=\"st4\" d=\"M793.1,329.2c-1.2,0-57.7,0-59,0c-3.8,0-6.8,3-6.8,6.8s3,6.8,6.8,6.8c1.2,0,57.7,0,59,0\r\n				c3.8,0,6.8-3,6.8-6.8C799.9,332.3,796.9,329.2,793.1,329.2z\"/>\r\n			<path id=\"f1-p-29\" class=\"st4\" d=\"M793.1,343.7c-1.2,0-57.7,0-59,0c-3.8,0-6.8,3-6.8,6.8s3,6.8,6.8,6.8c1.2,0,57.7,0,59,0\r\n				c3.8,0,6.8-3,6.8-6.8C799.9,346.8,796.9,343.7,793.1,343.7z\"/>\r\n			<path id=\"f1-p-30\" class=\"st4\" d=\"M793.1,358.2c-1.2,0-57.7,0-59,0c-3.8,0-6.8,3-6.8,6.8s3,6.8,6.8,6.8c1.2,0,57.7,0,59,0\r\n				c3.8,0,6.8-3,6.8-6.8C799.9,361.3,796.9,358.2,793.1,358.2z\"/>\r\n		</g>\r\n		<g id=\"svg_13\">\r\n			<path id=\"f1-p-31\" class=\"st4\" d=\"M793.1,213.9c-1.2,0-57.7,0-59,0c-3.8,0-6.8,3-6.8,6.8s3,6.8,6.8,6.8c1.2,0,57.7,0,59,0\r\n				c3.8,0,6.8-3,6.8-6.8S796.9,213.9,793.1,213.9z\"/>\r\n			<path id=\"f1-p-32\" class=\"st4\" d=\"M793.1,228.4c-1.2,0-57.7,0-59,0c-3.8,0-6.8,3-6.8,6.8s3,6.8,6.8,6.8c1.2,0,57.7,0,59,0\r\n				c3.8,0,6.8-3,6.8-6.8S796.9,228.4,793.1,228.4z\"/>\r\n			<path id=\"f1-p-33\" class=\"st4\" d=\"M793.1,242.9c-1.2,0-57.7,0-59,0c-3.8,0-6.8,3-6.8,6.8s3,6.8,6.8,6.8c1.2,0,57.7,0,59,0\r\n				c3.8,0,6.8-3,6.8-6.8S796.9,242.9,793.1,242.9z\"/>\r\n			<path id=\"f1-p-34\" class=\"st4\" d=\"M793.1,257.4c-1.2,0-57.7,0-59,0c-3.8,0-6.8,3-6.8,6.8s3,6.8,6.8,6.8c1.2,0,57.7,0,59,0\r\n				c3.8,0,6.8-3,6.8-6.8S796.9,257.4,793.1,257.4z\"/>\r\n			<path id=\"f1-p-35\" class=\"st4\" d=\"M793.1,271.9c-1.2,0-57.7,0-59,0c-3.8,0-6.8,3-6.8,6.8s3,6.8,6.8,6.8c1.2,0,57.7,0,59,0\r\n				c3.8,0,6.8-3,6.8-6.8C799.9,275,796.9,271.9,793.1,271.9z\"/>\r\n		</g>\r\n		<g id=\"svg_14\">\r\n			<path id=\"f1-p-36\" class=\"st4\" d=\"M870.2,300.2c-1.2,0-57.7,0-59,0c-3.8,0-6.8,3-6.8,6.8s3,6.8,6.8,6.8c1.2,0,57.7,0,59,0\r\n				c3.8,0,6.8-3,6.8-6.8S874,300.2,870.2,300.2z\"/>\r\n			<path id=\"f1-p-37\" class=\"st4\" d=\"M870.2,314.7c-1.2,0-57.7,0-59,0c-3.8,0-6.8,3-6.8,6.8s3,6.8,6.8,6.8c1.2,0,57.7,0,59,0\r\n				c3.8,0,6.8-3,6.8-6.8S874,314.7,870.2,314.7z\"/>\r\n			<path id=\"f1-p-38\" class=\"st4\" d=\"M870.2,329.2c-1.2,0-57.7,0-59,0c-3.8,0-6.8,3-6.8,6.8s3,6.8,6.8,6.8c1.2,0,57.7,0,59,0\r\n				c3.8,0,6.8-3,6.8-6.8C877,332.3,874,329.2,870.2,329.2z\"/>\r\n			<path id=\"f1-p-39\" class=\"st4\" d=\"M870.2,343.7c-1.2,0-57.7,0-59,0c-3.8,0-6.8,3-6.8,6.8s3,6.8,6.8,6.8c1.2,0,57.7,0,59,0\r\n				c3.8,0,6.8-3,6.8-6.8C877,346.8,874,343.7,870.2,343.7z\"/>\r\n			<path id=\"f1-p-40\" class=\"st4\" d=\"M870.2,358.2c-1.2,0-57.7,0-59,0c-3.8,0-6.8,3-6.8,6.8s3,6.8,6.8,6.8c1.2,0,57.7,0,59,0\r\n				c3.8,0,6.8-3,6.8-6.8C877,361.3,874,358.2,870.2,358.2z\"/>\r\n		</g>\r\n		<g id=\"svg_15\">\r\n			<path id=\"f1-p-41\" class=\"st4\" d=\"M870.2,213.9c-1.2,0-57.7,0-59,0c-3.8,0-6.8,3-6.8,6.8s3,6.8,6.8,6.8c1.2,0,57.7,0,59,0\r\n				c3.8,0,6.8-3,6.8-6.8S874,213.9,870.2,213.9z\"/>\r\n			<path id=\"f1-p-42\" class=\"st4\" d=\"M870.2,228.4c-1.2,0-57.7,0-59,0c-3.8,0-6.8,3-6.8,6.8s3,6.8,6.8,6.8c1.2,0,57.7,0,59,0\r\n				c3.8,0,6.8-3,6.8-6.8S874,228.4,870.2,228.4z\"/>\r\n			<path id=\"f1-p-43\" class=\"st4\" d=\"M870.2,242.9c-1.2,0-57.7,0-59,0c-3.8,0-6.8,3-6.8,6.8s3,6.8,6.8,6.8c1.2,0,57.7,0,59,0\r\n				c3.8,0,6.8-3,6.8-6.8S874,242.9,870.2,242.9z\"/>\r\n			<path id=\"f1-p-44\" class=\"st4\" d=\"M870.2,257.4c-1.2,0-57.7,0-59,0c-3.8,0-6.8,3-6.8,6.8s3,6.8,6.8,6.8c1.2,0,57.7,0,59,0\r\n				c3.8,0,6.8-3,6.8-6.8S874,257.4,870.2,257.4z\"/>\r\n			<path id=\"f1-p-45\" class=\"st4\" d=\"M870.2,271.9c-1.2,0-57.7,0-59,0c-3.8,0-6.8,3-6.8,6.8s3,6.8,6.8,6.8c1.2,0,57.7,0,59,0\r\n				c3.8,0,6.8-3,6.8-6.8C877,275,874,271.9,870.2,271.9z\"/>\r\n		</g>\r\n		<g id=\"svg_16\">\r\n			<path id=\"f1-p-46\" class=\"st4\" d=\"M933.7,228.4c-1.2,0-44.1,0-45.4,0c-3.8,0-6.8,3-6.8,6.8s3,6.8,6.8,6.8c1.2,0,44.1,0,45.4,0\r\n				c3.8,0,6.8-3,6.8-6.8C940.6,231.4,937.5,228.4,933.7,228.4z\"/>\r\n			<path id=\"f1-p-47\" class=\"st4\" d=\"M933.7,242.9c-1.2,0-44.1,0-45.4,0c-3.8,0-6.8,3-6.8,6.8s3,6.8,6.8,6.8c1.2,0,44.1,0,45.4,0\r\n				c3.8,0,6.8-3,6.8-6.8S937.5,242.9,933.7,242.9z\"/>\r\n			<path id=\"f1-p-48\" class=\"st4\" d=\"M942.8,257.4c-1.2,0-53.2,0-54.4,0c-3.8,0-6.8,3-6.8,6.8s3,6.8,6.8,6.8c1.2,0,53.2,0,54.4,0\r\n				c3.8,0,6.8-3,6.8-6.8S946.6,257.4,942.8,257.4z\"/>\r\n			<path id=\"f1-p-49\" class=\"st4\" d=\"M942.8,271.9c-1.2,0-53.2,0-54.4,0c-3.8,0-6.8,3-6.8,6.8s3,6.8,6.8,6.8c1.2,0,53.2,0,54.4,0\r\n				c3.8,0,6.8-3,6.8-6.8C949.6,275,946.6,271.9,942.8,271.9z\"/>\r\n		</g>\r\n		<g id=\"svg_17\">\r\n			<path id=\"f1-p-50\" class=\"st4\" d=\"M947.4,300.2c-1.2,0-57.7,0-59,0c-3.8,0-6.8,3-6.8,6.8s3,6.8,6.8,6.8c1.2,0,57.7,0,59,0\r\n				c3.8,0,6.8-3,6.8-6.8S951.1,300.2,947.4,300.2z\"/>\r\n			<path id=\"f1-p-51\" class=\"st4\" d=\"M947.4,314.7c-1.2,0-57.7,0-59,0c-3.8,0-6.8,3-6.8,6.8s3,6.8,6.8,6.8c1.2,0,57.7,0,59,0\r\n				c3.8,0,6.8-3,6.8-6.8S951.1,314.7,947.4,314.7z\"/>\r\n			<path id=\"f1-p-52\" class=\"st4\" d=\"M947.4,329.2c-1.2,0-57.7,0-59,0c-3.8,0-6.8,3-6.8,6.8s3,6.8,6.8,6.8c1.2,0,57.7,0,59,0\r\n				c3.8,0,6.8-3,6.8-6.8C954.2,332.3,951.1,329.2,947.4,329.2z\"/>\r\n			<path id=\"f1-p-53\" class=\"st4\" d=\"M947.4,343.7c-1.2,0-57.7,0-59,0c-3.8,0-6.8,3-6.8,6.8s3,6.8,6.8,6.8c1.2,0,57.7,0,59,0\r\n				c3.8,0,6.8-3,6.8-6.8C954.2,346.8,951.1,343.7,947.4,343.7z\"/>\r\n			<path id=\"f1-p-54\" class=\"st4\" d=\"M947.4,358.2c-1.2,0-57.7,0-59,0c-3.8,0-6.8,3-6.8,6.8s3,6.8,6.8,6.8c1.2,0,57.7,0,59,0\r\n				c3.8,0,6.8-3,6.8-6.8C954.2,361.3,951.1,358.2,947.4,358.2z\"/>\r\n		</g>\r\n		<polygon id=\"svg_18\" class=\"st5\" points=\"789.2,27.3 752.3,45.1 768.4,78.7 810.6,53.7 		\"/>\r\n		<polygon id=\"svg_19\" class=\"st5\" points=\"777.8,98.3 805.9,156.8 865.6,121.3 824.4,70.6 		\"/>\r\n		<polygon id=\"svg_20\" class=\"st6\" points=\"810.6,53.7 768.4,78.7 777.8,98.3 824.4,70.6 		\"/>\r\n		<polygon id=\"svg_21\" class=\"st6\" points=\"140.1,296.7 162.7,296.7 162.7,371.9 136.2,371.9 		\"/>\r\n		<g id=\"svg_22\">\r\n			<path id=\"svg_23\" class=\"st5\" d=\"M788.9,28.6l75.2,92.4l-57.8,34.3L753.6,45.5L788.9,28.6 M789.2,27.3L752.3,45l53.6,111.7\r\n				l59.8-35.5L789.2,27.3L789.2,27.3L789.2,27.3z\"/>\r\n		</g>\r\n		<g id=\"svg_24\">\r\n			<path id=\"svg_25\" class=\"st3\" d=\"M336.2,297.7v73.1h-299l7.7-73.1H336.2 M337.2,296.7H44l-7.9,75.1h301.1V296.7L337.2,296.7z\"/>\r\n      \r\n		</g>\r\n		<polygon id=\"svg_26\" class=\"st7\" points=\"807.8,160.7 828.5,203.9 932.9,203.9 868.4,124.7 		\"/>\r\n	</g>\r\n	<g id=\"svg_27\">\r\n		<g id=\"svg_28\">\r\n			<g id=\"svg_29\">\r\n				<g id=\"svg_30\">\r\n					<circle id=\"svg_31\" class=\"st8\" cx=\"42.2\" cy=\"52.4\" r=\"8.5\"/>\r\n					<path id=\"svg_32\" class=\"st7\" d=\"M42.2,44.9c4.1,0,7.5,3.4,7.5,7.5s-3.4,7.5-7.5,7.5s-7.5-3.4-7.5-7.5S38,44.9,42.2,44.9\r\n						 M42.2,42.9c-5.2,0-9.5,4.3-9.5,9.5s4.3,9.5,9.5,9.5s9.5-4.3,9.5-9.5S47.4,42.9,42.2,42.9L42.2,42.9z\"/>\r\n				</g>\r\n				<g id=\"svg_33\">\r\n					<circle id=\"svg_34\" class=\"st9\" cx=\"42.2\" cy=\"82.4\" r=\"8.5\"/>\r\n					<g id=\"svg_35\">\r\n						<path id=\"svg_36\" class=\"st7\" d=\"M42.2,74.9c4.1,0,7.5,3.4,7.5,7.5s-3.4,7.5-7.5,7.5s-7.5-3.4-7.5-7.5S38,74.9,42.2,74.9\r\n							 M42.2,72.9c-5.2,0-9.5,4.3-9.5,9.5s4.3,9.5,9.5,9.5s9.5-4.3,9.5-9.5S47.4,72.9,42.2,72.9L42.2,72.9z\"/>\r\n					</g>\r\n				</g>\r\n				<g id=\"svg_37\">\r\n					<circle id=\"svg_38\" class=\"st4\" cx=\"42.2\" cy=\"112.4\" r=\"8.5\"/>\r\n					<g id=\"svg_39\">\r\n						<path id=\"svg_40\" class=\"st7\" d=\"M42.2,104.9c4.1,0,7.5,3.4,7.5,7.5s-3.4,7.5-7.5,7.5s-7.5-3.4-7.5-7.5S38,104.9,42.2,104.9\r\n							 M42.2,102.9c-5.2,0-9.5,4.3-9.5,9.5s4.3,9.5,9.5,9.5s9.5-4.3,9.5-9.5S47.4,102.9,42.2,102.9L42.2,102.9z\"/>\r\n					</g>\r\n				</g>\r\n			</g>\r\n		</g>\r\n	</g>\r\n	<g id=\"svg_41\">\r\n		<rect id=\"svg_42\" x=\"145.9\" y=\"329.3\" class=\"st10\" width=\"10\" height=\"10\"/>\r\n		\r\n			<rect id=\"svg_43\" x=\"790.7\" y=\"70.1\" transform=\"matrix(0.8616 -0.5075 0.5075 0.8616 71.9779 414.2077)\" class=\"st10\" width=\"10\" height=\"10\"/>\r\n		<rect id=\"svg_44\" x=\"981.9\" y=\"361.3\" class=\"st10\" width=\"10\" height=\"10\"/>\r\n		<rect id=\"svg_45\" x=\"959.1\" y=\"351.3\" class=\"st10\" width=\"10\" height=\"20\"/>\r\n		<rect id=\"svg_46\" x=\"842.7\" y=\"190.1\" class=\"st10\" width=\"20\" height=\"10\"/>\r\n		\r\n			<rect id=\"svg_47\" x=\"831.6\" y=\"145\" transform=\"matrix(0.8616 -0.5075 0.5075 0.8616 37.7753 448.5539)\" class=\"st10\" width=\"20\" height=\"20\"/>\r\n		\r\n			<rect id=\"svg_48\" x=\"814.3\" y=\"155.1\" transform=\"matrix(0.8616 -0.5075 0.5075 0.8616 30.2588 441.1705)\" class=\"st10\" width=\"20\" height=\"20\"/>\r\n		\r\n			<rect id=\"svg_49\" x=\"854.9\" y=\"142.1\" transform=\"matrix(0.8616 -0.5075 0.5075 0.8616 45.0099 459.2878)\" class=\"st10\" width=\"20\" height=\"10\"/>\r\n		\r\n			<rect id=\"svg_50\" x=\"897.2\" y=\"167.6\" transform=\"matrix(0.7785 -0.6276 0.6276 0.7785 88.3277 605.5524)\" class=\"st10\" width=\"10\" height=\"20\"/>\r\n		<g id=\"svg_51\">\r\n			<text id=\"svg_52\" transform=\"matrix(1 0 0 1 225.0275 339.3205)\" class=\"st7 st11 st12\">Sea Water</text>\r\n		</g>\r\n		<g id=\"svg_53\">\r\n			<text id=\"svg_54\" transform=\"matrix(1 0 0 1 63.1994 339.3205)\" class=\"st7 st11 st12\">Sea Water</text>\r\n		</g>\r\n		<g id=\"svg_55\">\r\n			<text id=\"svg_56\" transform=\"matrix(1 0 0 1 807.9448 104.6906)\" class=\"st7 st11 st12\">Main</text>\r\n			<text id=\"svg_57\" transform=\"matrix(1 0 0 1 794.3448 118.6906)\" class=\"st7 st11 st12\">Duscharge</text>\r\n		</g>\r\n	</g>\r\n	<g id=\"svg_58\">\r\n		<text id=\"svg_59\" transform=\"matrix(1 0 0 1 736.05 445.6804)\" class=\"st7 st11 st13\">A.</text>\r\n		<text id=\"svg_60\" transform=\"matrix(1 0 0 1 736.65 463.6804)\" class=\"st7 st11 st13\">B.</text>\r\n		<text id=\"svg_61\" transform=\"matrix(1 0 0 1 736.05 481.6804)\" class=\"st7 st11 st13\">C.</text>\r\n		<text id=\"svg_62\" transform=\"matrix(1 0 0 1 736.15 499.6804)\" class=\"st7 st11 st13\">D.</text>\r\n		<text id=\"svg_63\" transform=\"matrix(1 0 0 1 865.4977 445.6804)\" class=\"st7 st11 st13\">E.</text>\r\n		<text id=\"svg_64\" transform=\"matrix(1 0 0 1 865.5977 463.6804)\" class=\"st7 st11 st13\">F.</text>\r\n		<text id=\"svg_65\" transform=\"matrix(1 0 0 1 864.5977 481.6804)\" class=\"st7 st11 st13\">G.</text>\r\n		<text id=\"svg_66\" transform=\"matrix(1 0 0 1 864.7977 499.6804)\" class=\"st7 st11 st13\">H.</text>\r\n		<text id=\"svg_67\" transform=\"matrix(1 0 0 1 753.558 445.6804)\" class=\"st7 st11 st13\">POS JAGA</text>\r\n		<text id=\"svg_68\" transform=\"matrix(1 0 0 1 753.558 463.6804)\" class=\"st7 st11 st13\">KANTOR</text>\r\n		<text id=\"svg_69\" transform=\"matrix(1 0 0 1 753.558 481.6804)\" class=\"st7 st11 st13\">WISMA</text>\r\n		<text id=\"svg_70\" transform=\"matrix(1 0 0 1 753.558 499.6804)\" class=\"st7 st11 st13\">RUMAH GENSET</text>\r\n		<text id=\"svg_71\" transform=\"matrix(1 0 0 1 736.8666 414.782)\" class=\"st7 st11 st13\">KETERANGAN BANGUNNAN</text>\r\n		<text id=\"svg_72\" transform=\"matrix(1 0 0 1 882.8027 445.6804)\" class=\"st7 st11 st13\">GUDANG PERALATAN</text>\r\n		<text id=\"svg_73\" transform=\"matrix(1 0 0 1 882.8027 463.6804)\" class=\"st7 st11 st13\">GUDANG PAKAN</text>\r\n		<text id=\"svg_74\" transform=\"matrix(1 0 0 1 882.8027 481.6804)\" class=\"st7 st11 st13\">RUMAH SORTIR</text>\r\n		<text id=\"svg_75\" transform=\"matrix(1 0 0 1 882.8027 499.6804)\" class=\"st7 st11 st13\">RUMAH POMPA</text>\r\n	</g>\r\n	<text id=\"svg_76\" transform=\"matrix(1 0 0 1 147.3769 350.8205)\" class=\"st14 st11 st12\">H</text>\r\n	<text id=\"svg_77\" transform=\"matrix(1 0 0 1 977.7734 359.2195)\" class=\"st14 st11 st12\">A</text>\r\n	<text id=\"svg_78\" transform=\"matrix(1 0 0 1 961.0663 365.0486)\" class=\"st14 st11 st12\">B</text>\r\n	<text id=\"svg_79\" transform=\"matrix(1 0 0 1 849.2411 198.7981)\" class=\"st14 st11 st12\">C</text>\r\n	<text id=\"svg_80\" transform=\"matrix(1 0 0 1 821.4118 168.7981)\" class=\"st14 st11 st12\">E</text>\r\n	<text id=\"svg_81\" transform=\"matrix(1 0 0 1 838.7194 158.8606)\" class=\"st14 st11 st12\">F</text>\r\n	<text id=\"svg_82\" transform=\"matrix(1 0 0 1 861.1467 150.614)\" class=\"st14 st11 st12\">G</text>\r\n	<text id=\"svg_83\" transform=\"matrix(1 0 0 1 898.9623 181.0251)\" class=\"st14 st11 st12\">D</text>\r\n	<g id=\"svg_84\">\r\n		<text id=\"svg_85\" transform=\"matrix(1 0 0 1 802.5146 72.3081)\" class=\"st14 st11 st12\">H</text>\r\n	</g>\r\n	<g id=\"svg_86\" class=\"st15\">\r\n		<text id=\"svg_87\" transform=\"matrix(1 0 0 1 84.5024 534.9604)\" class=\"st16 st17 st18\">養殖場設定</text>\r\n	</g>\r\n	<text id=\"svg_88\" transform=\"matrix(1 0 0 1 59.7909 57.5586)\" class=\"st7 st17 st18\">正常時</text>\r\n	<text id=\"svg_89\" transform=\"matrix(1 0 0 1 59.7909 87.5586)\" class=\"st7 st17 st18\">異常検出</text>\r\n	<text id=\"svg_90\" transform=\"matrix(1 0 0 1 59.7909 117.5586)\" class=\"st7 st17 st18\">休眠時</text>\r\n	<text id=\"txt-f1-p-1\" transform=\"matrix(1 0 0 1 369.9831 310.556)\" class=\"st7 st11 st12\"></text>\r\n	<text id=\"txt-f1-p-2\" transform=\"matrix(1 0 0 1 369.9833 325.008)\" class=\"st7 st11 st12\"></text>\r\n	<text id=\"txt-f1-p-3\" transform=\"matrix(1 0 0 1 369.983 339.3206)\" class=\"st7 st11 st12\"></text>\r\n	<text id=\"txt-f1-p-4\" transform=\"matrix(1 0 0 1 369.983 354.0175)\" class=\"st7 st11 st12\"></text>\r\n	<text id=\"txt-f1-p-5\" transform=\"matrix(1 0 0 1 369.9831 368.7144)\" class=\"st7 st11 st12\"></text>\r\n	<text id=\"txt-f1-p-6\" transform=\"matrix(1 0 0 1 448.4303 310.5556)\" class=\"st7 st11 st12\"></text>\r\n	<text id=\"txt-f1-p-7\" transform=\"matrix(1 0 0 1 448.4302 325.0079)\" class=\"st7 st11 st12\"></text>\r\n	<text id=\"txt-f1-p-8\" transform=\"matrix(1 0 0 1 448.4301 339.3207)\" class=\"st7 st11 st12\"></text>\r\n	<text id=\"txt-f1-p-9\" transform=\"matrix(1 0 0 1 448.43 354.018)\" class=\"st7 st11 st12\"></text>\r\n	<text id=\"txt-f1-p-10\" transform=\"matrix(1 0 0 1 448.43 368.7148)\" class=\"st7 st11 st12\"></text>\r\n	<text id=\"txt-f1-p-11\" transform=\"matrix(1 0 0 1 525.6299 310.556)\" class=\"st7 st11 st12\"></text>\r\n	<text id=\"txt-f1-p-12\" transform=\"matrix(1 0 0 1 525.6301 325.0083)\" class=\"st7 st11 st12\"></text>\r\n	<text id=\"txt-f1-p-13\" transform=\"matrix(1 0 0 1 525.6301 339.321)\" class=\"st7 st11 st12\"></text>\r\n	<text id=\"txt-f1-p-14\" transform=\"matrix(1 0 0 1 525.6301 354.0172)\" class=\"st7 st11 st12\"></text>\r\n	<text id=\"txt-f1-p-15\" transform=\"matrix(1 0 0 1 525.6301 368.7141)\" class=\"st7 st11 st12\"></text>\r\n	<text id=\"txt-f1-p-16\" transform=\"matrix(1 0 0 1 602.7303 310.5562)\" class=\"st7 st11 st12\"></text>\r\n	<text id=\"txt-f1-p-17\" transform=\"matrix(1 0 0 1 602.7299 325.0075)\" class=\"st7 st11 st12\"></text>\r\n	<text id=\"txt-f1-p-18\" transform=\"matrix(1 0 0 1 602.7303 339.3207)\" class=\"st7 st11 st12\"></text>\r\n	<text id=\"txt-f1-p-19\" transform=\"matrix(1 0 0 1 602.7298 354.0176)\" class=\"st7 st11 st12\"></text>\r\n	<text id=\"txt-f1-p-20\" transform=\"matrix(1 0 0 1 602.7301 368.7141)\" class=\"st7 st11 st12\"></text>\r\n	<text id=\"txt-f1-p-21\" transform=\"matrix(1 0 0 1 679.8297 310.5565)\" class=\"st7 st11 st12\"></text>\r\n	<text id=\"txt-f1-p-22\" transform=\"matrix(1 0 0 1 679.8297 325.0082)\" class=\"st7 st11 st12\"></text>\r\n	<text id=\"txt-f1-p-23\" transform=\"matrix(1 0 0 1 679.8297 339.3214)\" class=\"st7 st11 st12\"></text>\r\n	<text id=\"txt-f1-p-24\" transform=\"matrix(1 0 0 1 679.8293 354.018)\" class=\"st7 st11 st12\"></text>\r\n	<text id=\"txt-f1-p-25\" transform=\"matrix(1 0 0 1 679.8296 368.7146)\" class=\"st7 st11 st12\"></text>\r\n	<text id=\"txt-f1-p-26\" transform=\"matrix(1 0 0 1 756.9296 224.4197)\" class=\"st7 st11 st12\"></text>\r\n	<text id=\"txt-f1-p-27\" transform=\"matrix(1 0 0 1 756.9294 239.1166)\" class=\"st7 st11 st12\"></text>\r\n	<text id=\"txt-f1-p-28\" transform=\"matrix(1 0 0 1 756.9292 253.0787)\" class=\"st7 st11 st12\"></text>\r\n	<text id=\"txt-f1-p-29\" transform=\"matrix(1 0 0 1 756.9287 267.5306)\" class=\"st7 st11 st12\"></text>\r\n	<text id=\"txt-f1-p-30\" transform=\"matrix(1 0 0 1 756.9287 282.4725)\" class=\"st7 st11 st12\"></text>\r\n	<text id=\"txt-f1-p-31\" transform=\"matrix(1 0 0 1 756.9287 310.5564)\" class=\"st7 st11 st12\"></text>\r\n	<text id=\"txt-f1-p-32\" transform=\"matrix(1 0 0 1 756.9287 325.0072)\" class=\"st7 st11 st12\"></text>\r\n	<text id=\"txt-f1-p-33\" transform=\"matrix(1 0 0 1 756.9287 339.3209)\" class=\"st7 st11 st12\"></text>\r\n	<text id=\"txt-f1-p-34\" transform=\"matrix(1 0 0 1 756.9287 354.0176)\" class=\"st7 st11 st12\"></text>\r\n	<text id=\"txt-f1-p-35\" transform=\"matrix(1 0 0 1 756.9287 368.7149)\" class=\"st7 st11 st12\"></text>\r\n	<text id=\"txt-f1-p-36\" transform=\"matrix(1 0 0 1 834.0301 224.4198)\" class=\"st7 st11 st12\"></text>\r\n	<text id=\"txt-f1-p-37\" transform=\"matrix(1 0 0 1 834.0299 239.1165)\" class=\"st7 st11 st12\"></text>\r\n	<text id=\"txt-f1-p-38\" transform=\"matrix(1 0 0 1 834.0297 253.0789)\" class=\"st7 st11 st12\"></text>\r\n	<text id=\"txt-f1-p-39\" transform=\"matrix(1 0 0 1 834.0302 267.5305)\" class=\"st7 st11 st12\"></text>\r\n	<text id=\"txt-f1-p-40\" transform=\"matrix(1 0 0 1 834.0296 282.4727)\" class=\"st7 st11 st12\"></text>\r\n	<text id=\"txt-f1-p-41\" transform=\"matrix(1 0 0 1 834.0299 310.5556)\" class=\"st7 st11 st12\"></text>\r\n	<text id=\"txt-f1-p-42\" transform=\"matrix(1 0 0 1 834.0292 325.0083)\" class=\"st7 st11 st12\"></text>\r\n	<text id=\"txt-f1-p-43\" transform=\"matrix(1 0 0 1 834.0292 339.321)\" class=\"st7 st11 st12\"></text>\r\n	<text id=\"txt-f1-p-44\" transform=\"matrix(1 0 0 1 834.0291 354.0177)\" class=\"st7 st11 st12\"></text>\r\n	<text id=\"txt-f1-p-45\" transform=\"matrix(1 0 0 1 834.0289 368.715)\" class=\"st7 st11 st12\"></text>\r\n	<text id=\"txt-f1-p-46\" transform=\"matrix(1 0 0 1 904.3297 239.1168)\" class=\"st7 st11 st12\"></text>\r\n	<text id=\"txt-f1-p-47\" transform=\"matrix(1 0 0 1 904.3293 253.0788)\" class=\"st7 st11 st12\"></text>\r\n	<text id=\"txt-f1-p-48\" transform=\"matrix(1 0 0 1 911.2303 267.5308)\" class=\"st7 st11 st12\"></text>\r\n	<text id=\"txt-f1-p-49\" transform=\"matrix(1 0 0 1 911.2302 282.4725)\" class=\"st7 st11 st12\"></text>\r\n	<text id=\"txt-f1-p-50\" transform=\"matrix(1 0 0 1 911.2299 310.5555)\" class=\"st7 st11 st12\"></text>\r\n	<text id=\"txt-f1-p-51\" transform=\"matrix(1 0 0 1 911.2302 325.0081)\" class=\"st7 st11 st12\"></text>\r\n	<text id=\"txt-f1-p-52\" transform=\"matrix(1 0 0 1 911.2301 339.3208)\" class=\"st7 st11 st12\"></text>\r\n	<text id=\"txt-f1-p-53\" transform=\"matrix(1 0 0 1 911.2295 354.0185)\" class=\"st7 st11 st12\"></text>\r\n	<text id=\"txt-f1-p-54\" transform=\"matrix(1 0 0 1 911.2295 368.7141)\" class=\"st7 st11 st12\"></text>\r\n</g>                                                                                                                                                                                       \r\n</svg>\r\n','<?xml version=\"1.0\" encoding=\"utf-8\"?>\r\n<!-- Generator: Adobe Illustrator 19.2.1, SVG Export Plug-In . SVG Version: 6.00 Build 0)  -->\r\n<svg version=\"1.1\" id=\"Layer_1\" xmlns=\"http://www.w3.org/2000/svg\" xmlns:xlink=\"http://www.w3.org/1999/xlink\" x=\"0px\" y=\"0px\"\r\n	 viewBox=\"0 0 1026.4 577.2\" style=\"enable-background:new 0 0 1026.4 577.2;\" xml:space=\"preserve\">\r\n<style type=\"text/css\">\r\n	.st0{fill:none;}\r\n	.st1{fill:#659AD2;}\r\n	.st2{fill:#E6E7E8;}\r\n	.st3{fill:#92C5EB;}\r\n	.st4{fill:#D0D2D3;}\r\n	.st5{fill:#768B90;}\r\n	.st6{fill:#CCCCCC;}\r\n	.st7{fill:#FFFFFF;}\r\n	.st8{fill:#00E632;}\r\n	.st9{fill:#DE773F;}\r\n	.st10{fill:none;stroke:#666666;stroke-miterlimit:10;}\r\n	.st11{font-family:\'ArialMT\';}\r\n	.st12{font-size:10px;}\r\n	.st13{font-size:12px;}\r\n	.st14{fill:#666666;}\r\n	.st15{display:none;}\r\n	.st16{display:inline;fill:#659AD2;}\r\n	.st17{font-family:\'KozGoPr6N-Regular-83pv-RKSJ-H\';}\r\n	.st18{font-size:14px;}\r\n</style>\r\n<g>\r\n	<title>background</title>\r\n	<rect id=\"canvas_background\" x=\"-1\" y=\"-1\" class=\"st0\" width=\"582\" height=\"402\"/>\r\n</g>\r\n<g>\r\n	<title>Layer 1</title>\r\n	<rect id=\"svg_1\" x=\"1\" class=\"st1\" width=\"1024.5\" height=\"576.4\"/>\r\n	<line id=\"svg_2\" class=\"st0\" x1=\"746.5\" y1=\"576.4\" x2=\"746.5\" y2=\"-61.6\"/>\r\n	<g id=\"svg_3\">\r\n		<polygon id=\"svg_4\" class=\"st2\" points=\"31,376.4 1000,376.4 997.9,362.6 938.1,203.7 790.7,22.4 746.8,43.5 823.8,203.9 \r\n			723.1,203.9 723.1,292.1 39.9,292.1 		\"/>\r\n		<rect id=\"svg_5\" x=\"162.7\" y=\"296.7\" class=\"st3\" width=\"174.5\" height=\"75.1\"/>\r\n		<polygon id=\"svg_6\" class=\"st3\" points=\"136.2,371.9 36.1,371.9 44,296.7 140.1,296.7 		\"/>\r\n		<g id=\"svg_7\">\r\n			<path id=\"f1-p-1\" class=\"st4\" d=\"M407.5,300.2c-1.2,0-57.7,0-59,0c-3.8,0-6.8,3-6.8,6.8s3,6.8,6.8,6.8c1.2,0,57.7,0,59,0\r\n				c3.8,0,6.8-3,6.8-6.8S411.3,300.2,407.5,300.2z\"/>\r\n			<path id=\"f1-p-2\" class=\"st4\" d=\"M407.5,314.7c-1.2,0-57.7,0-59,0c-3.8,0-6.8,3-6.8,6.8s3,6.8,6.8,6.8c1.2,0,57.7,0,59,0\r\n				c3.8,0,6.8-3,6.8-6.8S411.3,314.7,407.5,314.7z\"/>\r\n			<path id=\"f1-p-3\" class=\"st4\" d=\"M407.5,329.2c-1.2,0-57.7,0-59,0c-3.8,0-6.8,3-6.8,6.8s3,6.8,6.8,6.8c1.2,0,57.7,0,59,0\r\n				c3.8,0,6.8-3,6.8-6.8C414.3,332.3,411.3,329.2,407.5,329.2z\"/>\r\n			<path id=\"f1-p-4\" class=\"st4\" d=\"M407.5,343.7c-1.2,0-57.7,0-59,0c-3.8,0-6.8,3-6.8,6.8s3,6.8,6.8,6.8c1.2,0,57.7,0,59,0\r\n				c3.8,0,6.8-3,6.8-6.8C414.3,346.8,411.3,343.7,407.5,343.7z\"/>\r\n			<path id=\"f1-p-5\" class=\"st4\" d=\"M407.5,358.2c-1.2,0-57.7,0-59,0c-3.8,0-6.8,3-6.8,6.8s3,6.8,6.8,6.8c1.2,0,57.7,0,59,0\r\n				c3.8,0,6.8-3,6.8-6.8C414.3,361.3,411.3,358.2,407.5,358.2z\"/>\r\n		</g>\r\n		<g id=\"svg_8\">\r\n			<path id=\"f1-p-6\" class=\"st4\" d=\"M484.6,300.2c-1.2,0-57.7,0-59,0c-3.8,0-6.8,3-6.8,6.8s3,6.8,6.8,6.8c1.2,0,57.7,0,59,0\r\n				c3.8,0,6.8-3,6.8-6.8S488.4,300.2,484.6,300.2z\"/>\r\n			<path id=\"f1-p-7\" class=\"st4\" d=\"M484.6,314.7c-1.2,0-57.7,0-59,0c-3.8,0-6.8,3-6.8,6.8s3,6.8,6.8,6.8c1.2,0,57.7,0,59,0\r\n				c3.8,0,6.8-3,6.8-6.8S488.4,314.7,484.6,314.7z\"/>\r\n			<path id=\"f1-p-8\" class=\"st4\" d=\"M484.6,329.2c-1.2,0-57.7,0-59,0c-3.8,0-6.8,3-6.8,6.8s3,6.8,6.8,6.8c1.2,0,57.7,0,59,0\r\n				c3.8,0,6.8-3,6.8-6.8C491.4,332.3,488.4,329.2,484.6,329.2z\"/>\r\n			<path id=\"f1-p-9\" class=\"st4\" d=\"M484.6,343.7c-1.2,0-57.7,0-59,0c-3.8,0-6.8,3-6.8,6.8s3,6.8,6.8,6.8c1.2,0,57.7,0,59,0\r\n				c3.8,0,6.8-3,6.8-6.8C491.4,346.8,488.4,343.7,484.6,343.7z\"/>\r\n			<path id=\"f1-p-10\" class=\"st4\" d=\"M484.6,358.2c-1.2,0-57.7,0-59,0c-3.8,0-6.8,3-6.8,6.8s3,6.8,6.8,6.8c1.2,0,57.7,0,59,0\r\n				c3.8,0,6.8-3,6.8-6.8C491.4,361.3,488.4,358.2,484.6,358.2z\"/>\r\n		</g>\r\n		<g id=\"svg_9\">\r\n			<path id=\"f1-p-11\" class=\"st4\" d=\"M561.8,300.2c-1.2,0-57.7,0-59,0c-3.8,0-6.8,3-6.8,6.8s3,6.8,6.8,6.8c1.2,0,57.7,0,59,0\r\n				c3.8,0,6.8-3,6.8-6.8S565.5,300.2,561.8,300.2z\"/>\r\n			<path id=\"f1-p-12\" class=\"st4\" d=\"M561.8,314.7c-1.2,0-57.7,0-59,0c-3.8,0-6.8,3-6.8,6.8s3,6.8,6.8,6.8c1.2,0,57.7,0,59,0\r\n				c3.8,0,6.8-3,6.8-6.8S565.5,314.7,561.8,314.7z\"/>\r\n			<path id=\"f1-p-13\" class=\"st4\" d=\"M561.8,329.2c-1.2,0-57.7,0-59,0c-3.8,0-6.8,3-6.8,6.8s3,6.8,6.8,6.8c1.2,0,57.7,0,59,0\r\n				c3.8,0,6.8-3,6.8-6.8C568.6,332.3,565.5,329.2,561.8,329.2z\"/>\r\n			<path id=\"f1-p-14\" class=\"st4\" d=\"M561.8,343.7c-1.2,0-57.7,0-59,0c-3.8,0-6.8,3-6.8,6.8s3,6.8,6.8,6.8c1.2,0,57.7,0,59,0\r\n				c3.8,0,6.8-3,6.8-6.8C568.6,346.8,565.5,343.7,561.8,343.7z\"/>\r\n			<path id=\"f1-p-15\" class=\"st4\" d=\"M561.8,358.2c-1.2,0-57.7,0-59,0c-3.8,0-6.8,3-6.8,6.8s3,6.8,6.8,6.8c1.2,0,57.7,0,59,0\r\n				c3.8,0,6.8-3,6.8-6.8C568.6,361.3,565.5,358.2,561.8,358.2z\"/>\r\n		</g>\r\n		<g id=\"svg_10\">\r\n			<path id=\"f1-p-16\" class=\"st4\" d=\"M638.9,300.2c-1.2,0-57.7,0-59,0c-3.8,0-6.8,3-6.8,6.8s3,6.8,6.8,6.8c1.2,0,57.7,0,59,0\r\n				c3.8,0,6.8-3,6.8-6.8S642.6,300.2,638.9,300.2z\"/>\r\n			<path id=\"f1-p-17\" class=\"st4\" d=\"M638.9,314.7c-1.2,0-57.7,0-59,0c-3.8,0-6.8,3-6.8,6.8s3,6.8,6.8,6.8c1.2,0,57.7,0,59,0\r\n				c3.8,0,6.8-3,6.8-6.8S642.6,314.7,638.9,314.7z\"/>\r\n			<path id=\"f1-p-18\" class=\"st4\" d=\"M638.9,329.2c-1.2,0-57.7,0-59,0c-3.8,0-6.8,3-6.8,6.8s3,6.8,6.8,6.8c1.2,0,57.7,0,59,0\r\n				c3.8,0,6.8-3,6.8-6.8C645.7,332.3,642.6,329.2,638.9,329.2z\"/>\r\n			<path id=\"f1-p-19\" class=\"st4\" d=\"M638.9,343.7c-1.2,0-57.7,0-59,0c-3.8,0-6.8,3-6.8,6.8s3,6.8,6.8,6.8c1.2,0,57.7,0,59,0\r\n				c3.8,0,6.8-3,6.8-6.8C645.7,346.8,642.6,343.7,638.9,343.7z\"/>\r\n			<path id=\"f1-p-20\" class=\"st4\" d=\"M638.9,358.2c-1.2,0-57.7,0-59,0c-3.8,0-6.8,3-6.8,6.8s3,6.8,6.8,6.8c1.2,0,57.7,0,59,0\r\n				c3.8,0,6.8-3,6.8-6.8C645.7,361.3,642.6,358.2,638.9,358.2z\"/>\r\n		</g>\r\n		<g id=\"svg_11\">\r\n			<path id=\"f1-p-21\" class=\"st4\" d=\"M716,300.2c-1.2,0-57.7,0-59,0c-3.8,0-6.8,3-6.8,6.8s3,6.8,6.8,6.8c1.2,0,57.7,0,59,0\r\n				c3.8,0,6.8-3,6.8-6.8S719.8,300.2,716,300.2z\"/>\r\n			<path id=\"f1-p-22\" class=\"st4\" d=\"M716,314.7c-1.2,0-57.7,0-59,0c-3.8,0-6.8,3-6.8,6.8s3,6.8,6.8,6.8c1.2,0,57.7,0,59,0\r\n				c3.8,0,6.8-3,6.8-6.8S719.8,314.7,716,314.7z\"/>\r\n			<path id=\"f1-p-23\" class=\"st4\" d=\"M716,329.2c-1.2,0-57.7,0-59,0c-3.8,0-6.8,3-6.8,6.8s3,6.8,6.8,6.8c1.2,0,57.7,0,59,0\r\n				c3.8,0,6.8-3,6.8-6.8C722.8,332.3,719.8,329.2,716,329.2z\"/>\r\n			<path id=\"f1-p-24\" class=\"st4\" d=\"M716,343.7c-1.2,0-57.7,0-59,0c-3.8,0-6.8,3-6.8,6.8s3,6.8,6.8,6.8c1.2,0,57.7,0,59,0\r\n				c3.8,0,6.8-3,6.8-6.8C722.8,346.8,719.8,343.7,716,343.7z\"/>\r\n			<path id=\"f1-p-25\" class=\"st4\" d=\"M716,358.2c-1.2,0-57.7,0-59,0c-3.8,0-6.8,3-6.8,6.8s3,6.8,6.8,6.8c1.2,0,57.7,0,59,0\r\n				c3.8,0,6.8-3,6.8-6.8C722.8,361.3,719.8,358.2,716,358.2z\"/>\r\n		</g>\r\n		<g id=\"svg_12\">\r\n			<path id=\"f1-p-26\" class=\"st4\" d=\"M793.1,300.2c-1.2,0-57.7,0-59,0c-3.8,0-6.8,3-6.8,6.8s3,6.8,6.8,6.8c1.2,0,57.7,0,59,0\r\n				c3.8,0,6.8-3,6.8-6.8S796.9,300.2,793.1,300.2z\"/>\r\n			<path id=\"f1-p-27\" class=\"st4\" d=\"M793.1,314.7c-1.2,0-57.7,0-59,0c-3.8,0-6.8,3-6.8,6.8s3,6.8,6.8,6.8c1.2,0,57.7,0,59,0\r\n				c3.8,0,6.8-3,6.8-6.8S796.9,314.7,793.1,314.7z\"/>\r\n			<path id=\"f1-p-28\" class=\"st4\" d=\"M793.1,329.2c-1.2,0-57.7,0-59,0c-3.8,0-6.8,3-6.8,6.8s3,6.8,6.8,6.8c1.2,0,57.7,0,59,0\r\n				c3.8,0,6.8-3,6.8-6.8C799.9,332.3,796.9,329.2,793.1,329.2z\"/>\r\n			<path id=\"f1-p-29\" class=\"st4\" d=\"M793.1,343.7c-1.2,0-57.7,0-59,0c-3.8,0-6.8,3-6.8,6.8s3,6.8,6.8,6.8c1.2,0,57.7,0,59,0\r\n				c3.8,0,6.8-3,6.8-6.8C799.9,346.8,796.9,343.7,793.1,343.7z\"/>\r\n			<path id=\"f1-p-30\" class=\"st4\" d=\"M793.1,358.2c-1.2,0-57.7,0-59,0c-3.8,0-6.8,3-6.8,6.8s3,6.8,6.8,6.8c1.2,0,57.7,0,59,0\r\n				c3.8,0,6.8-3,6.8-6.8C799.9,361.3,796.9,358.2,793.1,358.2z\"/>\r\n		</g>\r\n		<g id=\"svg_13\">\r\n			<path id=\"f1-p-31\" class=\"st4\" d=\"M793.1,213.9c-1.2,0-57.7,0-59,0c-3.8,0-6.8,3-6.8,6.8s3,6.8,6.8,6.8c1.2,0,57.7,0,59,0\r\n				c3.8,0,6.8-3,6.8-6.8S796.9,213.9,793.1,213.9z\"/>\r\n			<path id=\"f1-p-32\" class=\"st4\" d=\"M793.1,228.4c-1.2,0-57.7,0-59,0c-3.8,0-6.8,3-6.8,6.8s3,6.8,6.8,6.8c1.2,0,57.7,0,59,0\r\n				c3.8,0,6.8-3,6.8-6.8S796.9,228.4,793.1,228.4z\"/>\r\n			<path id=\"f1-p-33\" class=\"st4\" d=\"M793.1,242.9c-1.2,0-57.7,0-59,0c-3.8,0-6.8,3-6.8,6.8s3,6.8,6.8,6.8c1.2,0,57.7,0,59,0\r\n				c3.8,0,6.8-3,6.8-6.8S796.9,242.9,793.1,242.9z\"/>\r\n			<path id=\"f1-p-34\" class=\"st4\" d=\"M793.1,257.4c-1.2,0-57.7,0-59,0c-3.8,0-6.8,3-6.8,6.8s3,6.8,6.8,6.8c1.2,0,57.7,0,59,0\r\n				c3.8,0,6.8-3,6.8-6.8S796.9,257.4,793.1,257.4z\"/>\r\n			<path id=\"f1-p-35\" class=\"st4\" d=\"M793.1,271.9c-1.2,0-57.7,0-59,0c-3.8,0-6.8,3-6.8,6.8s3,6.8,6.8,6.8c1.2,0,57.7,0,59,0\r\n				c3.8,0,6.8-3,6.8-6.8C799.9,275,796.9,271.9,793.1,271.9z\"/>\r\n		</g>\r\n		<g id=\"svg_14\">\r\n			<path id=\"f1-p-36\" class=\"st4\" d=\"M870.2,300.2c-1.2,0-57.7,0-59,0c-3.8,0-6.8,3-6.8,6.8s3,6.8,6.8,6.8c1.2,0,57.7,0,59,0\r\n				c3.8,0,6.8-3,6.8-6.8S874,300.2,870.2,300.2z\"/>\r\n			<path id=\"f1-p-37\" class=\"st4\" d=\"M870.2,314.7c-1.2,0-57.7,0-59,0c-3.8,0-6.8,3-6.8,6.8s3,6.8,6.8,6.8c1.2,0,57.7,0,59,0\r\n				c3.8,0,6.8-3,6.8-6.8S874,314.7,870.2,314.7z\"/>\r\n			<path id=\"f1-p-38\" class=\"st4\" d=\"M870.2,329.2c-1.2,0-57.7,0-59,0c-3.8,0-6.8,3-6.8,6.8s3,6.8,6.8,6.8c1.2,0,57.7,0,59,0\r\n				c3.8,0,6.8-3,6.8-6.8C877,332.3,874,329.2,870.2,329.2z\"/>\r\n			<path id=\"f1-p-39\" class=\"st4\" d=\"M870.2,343.7c-1.2,0-57.7,0-59,0c-3.8,0-6.8,3-6.8,6.8s3,6.8,6.8,6.8c1.2,0,57.7,0,59,0\r\n				c3.8,0,6.8-3,6.8-6.8C877,346.8,874,343.7,870.2,343.7z\"/>\r\n			<path id=\"f1-p-40\" class=\"st4\" d=\"M870.2,358.2c-1.2,0-57.7,0-59,0c-3.8,0-6.8,3-6.8,6.8s3,6.8,6.8,6.8c1.2,0,57.7,0,59,0\r\n				c3.8,0,6.8-3,6.8-6.8C877,361.3,874,358.2,870.2,358.2z\"/>\r\n		</g>\r\n		<g id=\"svg_15\">\r\n			<path id=\"f1-p-41\" class=\"st4\" d=\"M870.2,213.9c-1.2,0-57.7,0-59,0c-3.8,0-6.8,3-6.8,6.8s3,6.8,6.8,6.8c1.2,0,57.7,0,59,0\r\n				c3.8,0,6.8-3,6.8-6.8S874,213.9,870.2,213.9z\"/>\r\n			<path id=\"f1-p-42\" class=\"st4\" d=\"M870.2,228.4c-1.2,0-57.7,0-59,0c-3.8,0-6.8,3-6.8,6.8s3,6.8,6.8,6.8c1.2,0,57.7,0,59,0\r\n				c3.8,0,6.8-3,6.8-6.8S874,228.4,870.2,228.4z\"/>\r\n			<path id=\"f1-p-43\" class=\"st4\" d=\"M870.2,242.9c-1.2,0-57.7,0-59,0c-3.8,0-6.8,3-6.8,6.8s3,6.8,6.8,6.8c1.2,0,57.7,0,59,0\r\n				c3.8,0,6.8-3,6.8-6.8S874,242.9,870.2,242.9z\"/>\r\n			<path id=\"f1-p-44\" class=\"st4\" d=\"M870.2,257.4c-1.2,0-57.7,0-59,0c-3.8,0-6.8,3-6.8,6.8s3,6.8,6.8,6.8c1.2,0,57.7,0,59,0\r\n				c3.8,0,6.8-3,6.8-6.8S874,257.4,870.2,257.4z\"/>\r\n			<path id=\"f1-p-45\" class=\"st4\" d=\"M870.2,271.9c-1.2,0-57.7,0-59,0c-3.8,0-6.8,3-6.8,6.8s3,6.8,6.8,6.8c1.2,0,57.7,0,59,0\r\n				c3.8,0,6.8-3,6.8-6.8C877,275,874,271.9,870.2,271.9z\"/>\r\n		</g>\r\n		<g id=\"svg_16\">\r\n			<path id=\"f1-p-46\" class=\"st4\" d=\"M933.7,228.4c-1.2,0-44.1,0-45.4,0c-3.8,0-6.8,3-6.8,6.8s3,6.8,6.8,6.8c1.2,0,44.1,0,45.4,0\r\n				c3.8,0,6.8-3,6.8-6.8C940.6,231.4,937.5,228.4,933.7,228.4z\"/>\r\n			<path id=\"f1-p-47\" class=\"st4\" d=\"M933.7,242.9c-1.2,0-44.1,0-45.4,0c-3.8,0-6.8,3-6.8,6.8s3,6.8,6.8,6.8c1.2,0,44.1,0,45.4,0\r\n				c3.8,0,6.8-3,6.8-6.8S937.5,242.9,933.7,242.9z\"/>\r\n			<path id=\"f1-p-48\" class=\"st4\" d=\"M942.8,257.4c-1.2,0-53.2,0-54.4,0c-3.8,0-6.8,3-6.8,6.8s3,6.8,6.8,6.8c1.2,0,53.2,0,54.4,0\r\n				c3.8,0,6.8-3,6.8-6.8S946.6,257.4,942.8,257.4z\"/>\r\n			<path id=\"f1-p-49\" class=\"st4\" d=\"M942.8,271.9c-1.2,0-53.2,0-54.4,0c-3.8,0-6.8,3-6.8,6.8s3,6.8,6.8,6.8c1.2,0,53.2,0,54.4,0\r\n				c3.8,0,6.8-3,6.8-6.8C949.6,275,946.6,271.9,942.8,271.9z\"/>\r\n		</g>\r\n		<g id=\"svg_17\">\r\n			<path id=\"f1-p-50\" class=\"st4\" d=\"M947.4,300.2c-1.2,0-57.7,0-59,0c-3.8,0-6.8,3-6.8,6.8s3,6.8,6.8,6.8c1.2,0,57.7,0,59,0\r\n				c3.8,0,6.8-3,6.8-6.8S951.1,300.2,947.4,300.2z\"/>\r\n			<path id=\"f1-p-51\" class=\"st4\" d=\"M947.4,314.7c-1.2,0-57.7,0-59,0c-3.8,0-6.8,3-6.8,6.8s3,6.8,6.8,6.8c1.2,0,57.7,0,59,0\r\n				c3.8,0,6.8-3,6.8-6.8S951.1,314.7,947.4,314.7z\"/>\r\n			<path id=\"f1-p-52\" class=\"st4\" d=\"M947.4,329.2c-1.2,0-57.7,0-59,0c-3.8,0-6.8,3-6.8,6.8s3,6.8,6.8,6.8c1.2,0,57.7,0,59,0\r\n				c3.8,0,6.8-3,6.8-6.8C954.2,332.3,951.1,329.2,947.4,329.2z\"/>\r\n			<path id=\"f1-p-53\" class=\"st4\" d=\"M947.4,343.7c-1.2,0-57.7,0-59,0c-3.8,0-6.8,3-6.8,6.8s3,6.8,6.8,6.8c1.2,0,57.7,0,59,0\r\n				c3.8,0,6.8-3,6.8-6.8C954.2,346.8,951.1,343.7,947.4,343.7z\"/>\r\n			<path id=\"f1-p-54\" class=\"st4\" d=\"M947.4,358.2c-1.2,0-57.7,0-59,0c-3.8,0-6.8,3-6.8,6.8s3,6.8,6.8,6.8c1.2,0,57.7,0,59,0\r\n				c3.8,0,6.8-3,6.8-6.8C954.2,361.3,951.1,358.2,947.4,358.2z\"/>\r\n		</g>\r\n		<polygon id=\"svg_18\" class=\"st5\" points=\"789.2,27.3 752.3,45.1 768.4,78.7 810.6,53.7 		\"/>\r\n		<polygon id=\"svg_19\" class=\"st5\" points=\"777.8,98.3 805.9,156.8 865.6,121.3 824.4,70.6 		\"/>\r\n		<polygon id=\"svg_20\" class=\"st6\" points=\"810.6,53.7 768.4,78.7 777.8,98.3 824.4,70.6 		\"/>\r\n		<polygon id=\"svg_21\" class=\"st6\" points=\"140.1,296.7 162.7,296.7 162.7,371.9 136.2,371.9 		\"/>\r\n		<g id=\"svg_22\">\r\n			<path id=\"svg_23\" class=\"st5\" d=\"M788.9,28.6l75.2,92.4l-57.8,34.3L753.6,45.5L788.9,28.6 M789.2,27.3L752.3,45l53.6,111.7\r\n				l59.8-35.5L789.2,27.3L789.2,27.3L789.2,27.3z\"/>\r\n		</g>\r\n		<g id=\"svg_24\">\r\n			<path id=\"svg_25\" class=\"st3\" d=\"M336.2,297.7v73.1h-299l7.7-73.1H336.2 M337.2,296.7H44l-7.9,75.1h301.1V296.7L337.2,296.7z\"/>\r\n      \r\n		</g>\r\n		<polygon id=\"svg_26\" class=\"st7\" points=\"807.8,160.7 828.5,203.9 932.9,203.9 868.4,124.7 		\"/>\r\n	</g>\r\n	<g id=\"svg_27\">\r\n		<g id=\"svg_28\">\r\n			<g id=\"svg_29\">\r\n				<g id=\"svg_30\">\r\n					<circle id=\"svg_31\" class=\"st8\" cx=\"42.2\" cy=\"52.4\" r=\"8.5\"/>\r\n					<path id=\"svg_32\" class=\"st7\" d=\"M42.2,44.9c4.1,0,7.5,3.4,7.5,7.5s-3.4,7.5-7.5,7.5s-7.5-3.4-7.5-7.5S38,44.9,42.2,44.9\r\n						 M42.2,42.9c-5.2,0-9.5,4.3-9.5,9.5s4.3,9.5,9.5,9.5s9.5-4.3,9.5-9.5S47.4,42.9,42.2,42.9L42.2,42.9z\"/>\r\n				</g>\r\n				<g id=\"svg_33\">\r\n					<circle id=\"svg_34\" class=\"st9\" cx=\"42.2\" cy=\"82.4\" r=\"8.5\"/>\r\n					<g id=\"svg_35\">\r\n						<path id=\"svg_36\" class=\"st7\" d=\"M42.2,74.9c4.1,0,7.5,3.4,7.5,7.5s-3.4,7.5-7.5,7.5s-7.5-3.4-7.5-7.5S38,74.9,42.2,74.9\r\n							 M42.2,72.9c-5.2,0-9.5,4.3-9.5,9.5s4.3,9.5,9.5,9.5s9.5-4.3,9.5-9.5S47.4,72.9,42.2,72.9L42.2,72.9z\"/>\r\n					</g>\r\n				</g>\r\n				<g id=\"svg_37\">\r\n					<circle id=\"svg_38\" class=\"st4\" cx=\"42.2\" cy=\"112.4\" r=\"8.5\"/>\r\n					<g id=\"svg_39\">\r\n						<path id=\"svg_40\" class=\"st7\" d=\"M42.2,104.9c4.1,0,7.5,3.4,7.5,7.5s-3.4,7.5-7.5,7.5s-7.5-3.4-7.5-7.5S38,104.9,42.2,104.9\r\n							 M42.2,102.9c-5.2,0-9.5,4.3-9.5,9.5s4.3,9.5,9.5,9.5s9.5-4.3,9.5-9.5S47.4,102.9,42.2,102.9L42.2,102.9z\"/>\r\n					</g>\r\n				</g>\r\n			</g>\r\n		</g>\r\n	</g>\r\n	<g id=\"svg_41\">\r\n		<rect id=\"svg_42\" x=\"145.9\" y=\"329.3\" class=\"st10\" width=\"10\" height=\"10\"/>\r\n		\r\n			<rect id=\"svg_43\" x=\"790.7\" y=\"70.1\" transform=\"matrix(0.8616 -0.5075 0.5075 0.8616 71.9779 414.2077)\" class=\"st10\" width=\"10\" height=\"10\"/>\r\n		<rect id=\"svg_44\" x=\"981.9\" y=\"361.3\" class=\"st10\" width=\"10\" height=\"10\"/>\r\n		<rect id=\"svg_45\" x=\"959.1\" y=\"351.3\" class=\"st10\" width=\"10\" height=\"20\"/>\r\n		<rect id=\"svg_46\" x=\"842.7\" y=\"190.1\" class=\"st10\" width=\"20\" height=\"10\"/>\r\n		\r\n			<rect id=\"svg_47\" x=\"831.6\" y=\"145\" transform=\"matrix(0.8616 -0.5075 0.5075 0.8616 37.7753 448.5539)\" class=\"st10\" width=\"20\" height=\"20\"/>\r\n		\r\n			<rect id=\"svg_48\" x=\"814.3\" y=\"155.1\" transform=\"matrix(0.8616 -0.5075 0.5075 0.8616 30.2588 441.1705)\" class=\"st10\" width=\"20\" height=\"20\"/>\r\n		\r\n			<rect id=\"svg_49\" x=\"854.9\" y=\"142.1\" transform=\"matrix(0.8616 -0.5075 0.5075 0.8616 45.0099 459.2878)\" class=\"st10\" width=\"20\" height=\"10\"/>\r\n		\r\n			<rect id=\"svg_50\" x=\"897.2\" y=\"167.6\" transform=\"matrix(0.7785 -0.6276 0.6276 0.7785 88.3277 605.5524)\" class=\"st10\" width=\"10\" height=\"20\"/>\r\n		<g id=\"svg_51\">\r\n			<text id=\"svg_52\" transform=\"matrix(1 0 0 1 225.0275 339.3205)\" class=\"st7 st11 st12\">Sea Water</text>\r\n		</g>\r\n		<g id=\"svg_53\">\r\n			<text id=\"svg_54\" transform=\"matrix(1 0 0 1 63.1994 339.3205)\" class=\"st7 st11 st12\">Sea Water</text>\r\n		</g>\r\n		<g id=\"svg_55\">\r\n			<text id=\"svg_56\" transform=\"matrix(1 0 0 1 807.9448 104.6906)\" class=\"st7 st11 st12\">Main</text>\r\n			<text id=\"svg_57\" transform=\"matrix(1 0 0 1 794.3448 118.6906)\" class=\"st7 st11 st12\">Duscharge</text>\r\n		</g>\r\n	</g>\r\n	<g id=\"svg_58\">\r\n		<text id=\"svg_59\" transform=\"matrix(1 0 0 1 736.05 445.6804)\" class=\"st7 st11 st13\">A.</text>\r\n		<text id=\"svg_60\" transform=\"matrix(1 0 0 1 736.65 463.6804)\" class=\"st7 st11 st13\">B.</text>\r\n		<text id=\"svg_61\" transform=\"matrix(1 0 0 1 736.05 481.6804)\" class=\"st7 st11 st13\">C.</text>\r\n		<text id=\"svg_62\" transform=\"matrix(1 0 0 1 736.15 499.6804)\" class=\"st7 st11 st13\">D.</text>\r\n		<text id=\"svg_63\" transform=\"matrix(1 0 0 1 865.4977 445.6804)\" class=\"st7 st11 st13\">E.</text>\r\n		<text id=\"svg_64\" transform=\"matrix(1 0 0 1 865.5977 463.6804)\" class=\"st7 st11 st13\">F.</text>\r\n		<text id=\"svg_65\" transform=\"matrix(1 0 0 1 864.5977 481.6804)\" class=\"st7 st11 st13\">G.</text>\r\n		<text id=\"svg_66\" transform=\"matrix(1 0 0 1 864.7977 499.6804)\" class=\"st7 st11 st13\">H.</text>\r\n		<text id=\"svg_67\" transform=\"matrix(1 0 0 1 753.558 445.6804)\" class=\"st7 st11 st13\">POS JAGA</text>\r\n		<text id=\"svg_68\" transform=\"matrix(1 0 0 1 753.558 463.6804)\" class=\"st7 st11 st13\">KANTOR</text>\r\n		<text id=\"svg_69\" transform=\"matrix(1 0 0 1 753.558 481.6804)\" class=\"st7 st11 st13\">WISMA</text>\r\n		<text id=\"svg_70\" transform=\"matrix(1 0 0 1 753.558 499.6804)\" class=\"st7 st11 st13\">RUMAH GENSET</text>\r\n		<text id=\"svg_71\" transform=\"matrix(1 0 0 1 736.8666 414.782)\" class=\"st7 st11 st13\">KETERANGAN BANGUNNAN</text>\r\n		<text id=\"svg_72\" transform=\"matrix(1 0 0 1 882.8027 445.6804)\" class=\"st7 st11 st13\">GUDANG PERALATAN</text>\r\n		<text id=\"svg_73\" transform=\"matrix(1 0 0 1 882.8027 463.6804)\" class=\"st7 st11 st13\">GUDANG PAKAN</text>\r\n		<text id=\"svg_74\" transform=\"matrix(1 0 0 1 882.8027 481.6804)\" class=\"st7 st11 st13\">RUMAH SORTIR</text>\r\n		<text id=\"svg_75\" transform=\"matrix(1 0 0 1 882.8027 499.6804)\" class=\"st7 st11 st13\">RUMAH POMPA</text>\r\n	</g>\r\n	<text id=\"svg_76\" transform=\"matrix(1 0 0 1 147.3769 350.8205)\" class=\"st14 st11 st12\">H</text>\r\n	<text id=\"svg_77\" transform=\"matrix(1 0 0 1 977.7734 359.2195)\" class=\"st14 st11 st12\">A</text>\r\n	<text id=\"svg_78\" transform=\"matrix(1 0 0 1 961.0663 365.0486)\" class=\"st14 st11 st12\">B</text>\r\n	<text id=\"svg_79\" transform=\"matrix(1 0 0 1 849.2411 198.7981)\" class=\"st14 st11 st12\">C</text>\r\n	<text id=\"svg_80\" transform=\"matrix(1 0 0 1 821.4118 168.7981)\" class=\"st14 st11 st12\">E</text>\r\n	<text id=\"svg_81\" transform=\"matrix(1 0 0 1 838.7194 158.8606)\" class=\"st14 st11 st12\">F</text>\r\n	<text id=\"svg_82\" transform=\"matrix(1 0 0 1 861.1467 150.614)\" class=\"st14 st11 st12\">G</text>\r\n	<text id=\"svg_83\" transform=\"matrix(1 0 0 1 898.9623 181.0251)\" class=\"st14 st11 st12\">D</text>\r\n	<g id=\"svg_84\">\r\n		<text id=\"svg_85\" transform=\"matrix(1 0 0 1 802.5146 72.3081)\" class=\"st14 st11 st12\">H</text>\r\n	</g>\r\n	<g id=\"svg_86\" class=\"st15\">\r\n		<text id=\"svg_87\" transform=\"matrix(1 0 0 1 84.5024 534.9604)\" class=\"st16 st17 st18\">養殖場設定</text>\r\n	</g>\r\n	<text id=\"svg_88\" transform=\"matrix(1 0 0 1 59.7909 57.5586)\" class=\"st7 st17 st18\">Normal</text>\r\n	<text id=\"svg_89\" transform=\"matrix(1 0 0 1 59.7909 87.5586)\" class=\"st7 st17 st18\">Error detection</text>\r\n	<text id=\"svg_90\" transform=\"matrix(1 0 0 1 59.7909 117.5586)\" class=\"st7 st17 st18\">Dormancy</text>\r\n	<text id=\"txt-f1-p-1\" transform=\"matrix(1 0 0 1 369.9831 310.556)\" class=\"st7 st11 st12\"></text>\r\n	<text id=\"txt-f1-p-2\" transform=\"matrix(1 0 0 1 369.9833 325.008)\" class=\"st7 st11 st12\"></text>\r\n	<text id=\"txt-f1-p-3\" transform=\"matrix(1 0 0 1 369.983 339.3206)\" class=\"st7 st11 st12\"></text>\r\n	<text id=\"txt-f1-p-4\" transform=\"matrix(1 0 0 1 369.983 354.0175)\" class=\"st7 st11 st12\"></text>\r\n	<text id=\"txt-f1-p-5\" transform=\"matrix(1 0 0 1 369.9831 368.7144)\" class=\"st7 st11 st12\"></text>\r\n	<text id=\"txt-f1-p-6\" transform=\"matrix(1 0 0 1 448.4303 310.5556)\" class=\"st7 st11 st12\"></text>\r\n	<text id=\"txt-f1-p-7\" transform=\"matrix(1 0 0 1 448.4302 325.0079)\" class=\"st7 st11 st12\"></text>\r\n	<text id=\"txt-f1-p-8\" transform=\"matrix(1 0 0 1 448.4301 339.3207)\" class=\"st7 st11 st12\"></text>\r\n	<text id=\"txt-f1-p-9\" transform=\"matrix(1 0 0 1 448.43 354.018)\" class=\"st7 st11 st12\"></text>\r\n	<text id=\"txt-f1-p-10\" transform=\"matrix(1 0 0 1 448.43 368.7148)\" class=\"st7 st11 st12\"></text>\r\n	<text id=\"txt-f1-p-11\" transform=\"matrix(1 0 0 1 525.6299 310.556)\" class=\"st7 st11 st12\"></text>\r\n	<text id=\"txt-f1-p-12\" transform=\"matrix(1 0 0 1 525.6301 325.0083)\" class=\"st7 st11 st12\"></text>\r\n	<text id=\"txt-f1-p-13\" transform=\"matrix(1 0 0 1 525.6301 339.321)\" class=\"st7 st11 st12\"></text>\r\n	<text id=\"txt-f1-p-14\" transform=\"matrix(1 0 0 1 525.6301 354.0172)\" class=\"st7 st11 st12\"></text>\r\n	<text id=\"txt-f1-p-15\" transform=\"matrix(1 0 0 1 525.6301 368.7141)\" class=\"st7 st11 st12\"></text>\r\n	<text id=\"txt-f1-p-16\" transform=\"matrix(1 0 0 1 602.7303 310.5562)\" class=\"st7 st11 st12\"></text>\r\n	<text id=\"txt-f1-p-17\" transform=\"matrix(1 0 0 1 602.7299 325.0075)\" class=\"st7 st11 st12\"></text>\r\n	<text id=\"txt-f1-p-18\" transform=\"matrix(1 0 0 1 602.7303 339.3207)\" class=\"st7 st11 st12\"></text>\r\n	<text id=\"txt-f1-p-19\" transform=\"matrix(1 0 0 1 602.7298 354.0176)\" class=\"st7 st11 st12\"></text>\r\n	<text id=\"txt-f1-p-20\" transform=\"matrix(1 0 0 1 602.7301 368.7141)\" class=\"st7 st11 st12\"></text>\r\n	<text id=\"txt-f1-p-21\" transform=\"matrix(1 0 0 1 679.8297 310.5565)\" class=\"st7 st11 st12\"></text>\r\n	<text id=\"txt-f1-p-22\" transform=\"matrix(1 0 0 1 679.8297 325.0082)\" class=\"st7 st11 st12\"></text>\r\n	<text id=\"txt-f1-p-23\" transform=\"matrix(1 0 0 1 679.8297 339.3214)\" class=\"st7 st11 st12\"></text>\r\n	<text id=\"txt-f1-p-24\" transform=\"matrix(1 0 0 1 679.8293 354.018)\" class=\"st7 st11 st12\"></text>\r\n	<text id=\"txt-f1-p-25\" transform=\"matrix(1 0 0 1 679.8296 368.7146)\" class=\"st7 st11 st12\"></text>\r\n	<text id=\"txt-f1-p-26\" transform=\"matrix(1 0 0 1 756.9296 224.4197)\" class=\"st7 st11 st12\"></text>\r\n	<text id=\"txt-f1-p-27\" transform=\"matrix(1 0 0 1 756.9294 239.1166)\" class=\"st7 st11 st12\"></text>\r\n	<text id=\"txt-f1-p-28\" transform=\"matrix(1 0 0 1 756.9292 253.0787)\" class=\"st7 st11 st12\"></text>\r\n	<text id=\"txt-f1-p-29\" transform=\"matrix(1 0 0 1 756.9287 267.5306)\" class=\"st7 st11 st12\"></text>\r\n	<text id=\"txt-f1-p-30\" transform=\"matrix(1 0 0 1 756.9287 282.4725)\" class=\"st7 st11 st12\"></text>\r\n	<text id=\"txt-f1-p-31\" transform=\"matrix(1 0 0 1 756.9287 310.5564)\" class=\"st7 st11 st12\"></text>\r\n	<text id=\"txt-f1-p-32\" transform=\"matrix(1 0 0 1 756.9287 325.0072)\" class=\"st7 st11 st12\"></text>\r\n	<text id=\"txt-f1-p-33\" transform=\"matrix(1 0 0 1 756.9287 339.3209)\" class=\"st7 st11 st12\"></text>\r\n	<text id=\"txt-f1-p-34\" transform=\"matrix(1 0 0 1 756.9287 354.0176)\" class=\"st7 st11 st12\"></text>\r\n	<text id=\"txt-f1-p-35\" transform=\"matrix(1 0 0 1 756.9287 368.7149)\" class=\"st7 st11 st12\"></text>\r\n	<text id=\"txt-f1-p-36\" transform=\"matrix(1 0 0 1 834.0301 224.4198)\" class=\"st7 st11 st12\"></text>\r\n	<text id=\"txt-f1-p-37\" transform=\"matrix(1 0 0 1 834.0299 239.1165)\" class=\"st7 st11 st12\"></text>\r\n	<text id=\"txt-f1-p-38\" transform=\"matrix(1 0 0 1 834.0297 253.0789)\" class=\"st7 st11 st12\"></text>\r\n	<text id=\"txt-f1-p-39\" transform=\"matrix(1 0 0 1 834.0302 267.5305)\" class=\"st7 st11 st12\"></text>\r\n	<text id=\"txt-f1-p-40\" transform=\"matrix(1 0 0 1 834.0296 282.4727)\" class=\"st7 st11 st12\"></text>\r\n	<text id=\"txt-f1-p-41\" transform=\"matrix(1 0 0 1 834.0299 310.5556)\" class=\"st7 st11 st12\"></text>\r\n	<text id=\"txt-f1-p-42\" transform=\"matrix(1 0 0 1 834.0292 325.0083)\" class=\"st7 st11 st12\"></text>\r\n	<text id=\"txt-f1-p-43\" transform=\"matrix(1 0 0 1 834.0292 339.321)\" class=\"st7 st11 st12\"></text>\r\n	<text id=\"txt-f1-p-44\" transform=\"matrix(1 0 0 1 834.0291 354.0177)\" class=\"st7 st11 st12\"></text>\r\n	<text id=\"txt-f1-p-45\" transform=\"matrix(1 0 0 1 834.0289 368.715)\" class=\"st7 st11 st12\"></text>\r\n	<text id=\"txt-f1-p-46\" transform=\"matrix(1 0 0 1 904.3297 239.1168)\" class=\"st7 st11 st12\"></text>\r\n	<text id=\"txt-f1-p-47\" transform=\"matrix(1 0 0 1 904.3293 253.0788)\" class=\"st7 st11 st12\"></text>\r\n	<text id=\"txt-f1-p-48\" transform=\"matrix(1 0 0 1 911.2303 267.5308)\" class=\"st7 st11 st12\"></text>\r\n	<text id=\"txt-f1-p-49\" transform=\"matrix(1 0 0 1 911.2302 282.4725)\" class=\"st7 st11 st12\"></text>\r\n	<text id=\"txt-f1-p-50\" transform=\"matrix(1 0 0 1 911.2299 310.5555)\" class=\"st7 st11 st12\"></text>\r\n	<text id=\"txt-f1-p-51\" transform=\"matrix(1 0 0 1 911.2302 325.0081)\" class=\"st7 st11 st12\"></text>\r\n	<text id=\"txt-f1-p-52\" transform=\"matrix(1 0 0 1 911.2301 339.3208)\" class=\"st7 st11 st12\"></text>\r\n	<text id=\"txt-f1-p-53\" transform=\"matrix(1 0 0 1 911.2295 354.0185)\" class=\"st7 st11 st12\"></text>\r\n	<text id=\"txt-f1-p-54\" transform=\"matrix(1 0 0 1 911.2295 368.7141)\" class=\"st7 st11 st12\"></text>\r\n</g>                                                                                                                                                                                       \r\n</svg>\r\n',2,'2019-01-02 15:11:28','2019-02-16 21:56:23',1,NULL);

/*Data for the table `ebi_import_state_logs` */

/*Data for the table `ebi_kind` */

/*Data for the table `ebi_measure_point_tag` */

/*Data for the table `ebi_minmaxs` */

insert  into `ebi_minmaxs`(`id`,`user_id`,`ph_values_min`,`orp_values_min`,`tmp_values_min`,`ec_values_min`,`ec_abs_values_min`,`res_values_min`,`tds_values_min`,`sal_values_min`,`press_values_min`,`do_values_min`,`do_ppm_values_min`,`mv_values_min`,`turb_fnu_values_min`,`ph_values_max`,`orp_values_max`,`tmp_values_max`,`ec_values_max`,`ec_abs_values_max`,`res_values_max`,`tds_values_max`,`sal_values_max`,`press_values_max`,`do_values_max`,`do_ppm_values_max`,`mv_values_max`,`turb_fnu_values_max`,`start_date`,`end_date`,`disable_flag`,`created_at`,`updated_at`,`sigma_t_values_min`,`sigma_t_values_max`,`created_user`,`updated_user`) values 
(1,25,NULL,NULL,NULL,25000.00,25000.00,40.00,18000.00,NULL,NULL,NULL,NULL,NULL,NULL,NULL,NULL,NULL,50000.00,50000.00,5000.00,36000.00,NULL,NULL,NULL,NULL,NULL,NULL,'2019-11-18 10:33:45',NULL,0,'2020-01-22 17:29:56',NULL,NULL,NULL,25,NULL);

/*Data for the table `ebi_pond_alerts` */

/*Data for the table `ebi_pond_states` */

/*Data for the table `ebi_ponds` */

insert  into `ebi_ponds`(`id`,`pond_name`,`water_amount`,`farm_id`,`pond_width`,`water_dept`,`pond_vertical_width`,`created_at`,`updated_at`,`pond_image_area`,`lat_long_se`,`lat_long_sw`,`lat_long_ne`,`lat_long_nw`,`delta_measure`,`pond_method`,`tag1`,`tag2`,`tag3`,`tag4`,`ebi_amount`,`ponds_kind_id`,`area`,`created_user`,`updated_user`) values 
(1,'1A',0.00,1,0.00,0.00,0.00,'2019-12-23 17:46:18','2019-12-23 15:19:34','pond-1','6.80142,109.01393','6.80150,109.01391','6.80118,109.01341','6.80125,109.01338',NULL,0,NULL,NULL,NULL,NULL,NULL,NULL,0,25,25),
(2,'1B',504.00,1,10.00,0.90,102.00,'2019-12-24 01:11:43','2020-01-07 08:12:13','pond-2','6.80116,109.01344','6.80107,109.01348','6.80139,109.01398','6.80131,109.01399',NULL,0,NULL,NULL,NULL,NULL,NULL,NULL,0,25,25),
(3,'1C',504.00,1,10.00,0.90,1.20,'2019-12-24 01:13:20','2020-01-07 15:49:24','pond-3','6.80106,109.01350','6.80096,109.01357','6.80129,109.01399','6.80119,109.01404',NULL,0,NULL,NULL,NULL,NULL,NULL,NULL,0,25,25),
(4,'1D',504.00,1,10.00,0.90,1.20,'2019-12-24 01:14:10','2020-01-07 15:50:46','pond-4','6.80096,109.01357','6.80085,109.01363','6.80117,109.01405','6.80108,109.01411',NULL,0,NULL,NULL,NULL,NULL,NULL,NULL,0,25,25),
(5,'1E',504.00,1,10.00,0.90,1.20,'2019-12-24 01:15:15','2020-01-07 15:51:45','pond-5','6.80084,109.01363','6.80074,109.01370','6.80106,109.01411','6.80096,109.01417',NULL,0,NULL,NULL,NULL,NULL,NULL,NULL,0,25,25),
(6,'2A',504.00,1,10.00,0.90,1.20,'2019-12-24 01:16:04','2020-01-07 15:55:18','pond-6','6.80155,109.01398','6.80147,109.01405','6.80183,109.01449','6.80173,109.01455',NULL,0,NULL,NULL,NULL,NULL,NULL,NULL,0,25,25),
(7,'2B',504.00,1,10.00,0.90,1.20,'2019-12-24 01:16:52','2020-01-07 15:52:42','pond-7','6.80145,109.01405','6.80138,109.01411','6.80171,109.01455','6.80162,109.01459',NULL,0,NULL,NULL,NULL,NULL,NULL,NULL,0,25,25),
(8,'2C',504.00,1,10.00,0.90,1.20,'2019-12-24 01:17:52','2020-01-07 16:04:27','pond-8','6.80133,109.01412','6.80125,109.01417','6.80159,109.01459','6.80149,109.01462',NULL,0,NULL,NULL,NULL,NULL,NULL,NULL,0,25,25),
(9,'2D',504.00,1,10.00,0.90,1.20,'2019-12-24 01:18:48','2020-01-07 16:05:28','pond-9','6.80122,109.01417','6.80114,109.01421','6.80147,109.01462','6.80139,109.01472',NULL,0,NULL,NULL,NULL,NULL,NULL,NULL,0,25,25),
(10,'2E',504.00,1,10.00,0.90,1.20,'2019-12-24 01:19:37','2020-01-07 10:20:55','pond-10','6.80112,109.01423','6.80103,109.01430','6.80137,109.01472','6.80127,109.01475',NULL,0,NULL,NULL,NULL,NULL,NULL,NULL,0,25,25),
(11,'3A',504.00,1,10.00,0.90,1.20,'2019-12-24 01:20:48','2020-01-07 16:06:28','pond-11','6.80186,109.01445','6.80177,109.01462','6.80211,109.01504','6.80202,109.01510',NULL,0,NULL,NULL,NULL,NULL,NULL,NULL,0,25,25),
(12,'3B',504.00,1,10.00,0.90,1.20,'2019-12-24 01:21:41','2020-01-07 16:07:40','pond-12','6.80175,109.01462','6.80166,109.01472','6.80200,109.01510','6.80191,109.01517',NULL,0,NULL,NULL,NULL,NULL,NULL,NULL,0,25,25),
(13,'3C',504.00,1,10.00,0.90,1.20,'2019-12-24 01:22:27','2020-01-07 16:09:08','pond-13','6.80163,109.01472','6.80153,109.01475','6.80189,109.01517','6.80178,109.01523',NULL,0,NULL,NULL,NULL,NULL,NULL,NULL,0,25,25),
(14,'3D',504.00,1,10.00,0.90,1.20,'2019-12-24 01:23:22','2020-01-07 16:09:52','pond-14','6.80152,109.01476','6.80143,109.01481','6.80176,109.01523','6.80167,109.01527',NULL,0,NULL,NULL,NULL,NULL,NULL,NULL,0,25,25),
(15,'3E',504.00,1,10.00,0.90,1.20,'2019-12-24 01:24:08','2020-01-07 10:22:40','pond-15','6.80141,109.01481','6.80132,109.01487','6.80166,109.01527','6.80155,109.01533',NULL,0,NULL,NULL,NULL,NULL,NULL,NULL,0,25,25);

/*Data for the table `ebi_price` */

/*Data for the table `ebi_shrimp_states` */

/*Data for the table `ebi_user_farms` */

insert  into `ebi_user_farms`(`id`,`farm_id`,`user_id`,`created_at`,`updated_at`,`created_user`,`updated_user`) values 
(7,1,2,NULL,NULL,1,NULL),
(16,1,4,'2019-03-21 15:20:24',NULL,1,NULL),
(17,1,3,NULL,NULL,1,NULL),
(18,1,1,'2019-03-28 08:15:49',NULL,1,NULL),
(19,3,1,'2019-03-28 08:15:49',NULL,1,NULL),
(20,1,23,'2019-05-13 13:20:57',NULL,1,NULL),
(21,3,23,'2019-05-13 13:20:57',NULL,1,NULL),
(22,1,25,'2019-11-06 13:18:17',NULL,1,NULL),
(23,1,27,'2019-12-11 13:17:00',NULL,1,NULL),
(24,1,28,'2020-01-07 10:42:43',NULL,1,NULL),
(25,1,29,'2020-01-13 21:59:35',NULL,1,NULL),
(26,1,30,'2020-01-17 16:00:27',NULL,1,NULL),
(27,1,31,'2020-01-27 14:49:24',NULL,1,NULL);

/*Data for the table `feed_cumulative` */

/*Data for the table `feed_inventory_remaining` */

/*Data for the table `feed_price` */

/*Data for the table `jobs` */

/*Data for the table `medicine_cumulative` */

/*Data for the table `migrations` */

insert  into `migrations`(`id`,`migration`,`batch`) values 
(1,'2016_08_07_145904_add_table_cms_apicustom',1),
(2,'2016_08_07_150834_add_table_cms_dashboard',1),
(3,'2016_08_07_151210_add_table_cms_logs',1),
(4,'2016_08_07_151211_add_details_cms_logs',1),
(5,'2016_08_07_152014_add_table_cms_privileges',1),
(6,'2016_08_07_152214_add_table_cms_privileges_roles',1),
(7,'2016_08_07_152320_add_table_cms_settings',1),
(8,'2016_08_07_152421_add_table_cms_users',1),
(9,'2016_08_07_154624_add_table_cms_menus_privileges',1),
(10,'2016_08_07_154624_add_table_cms_moduls',1),
(11,'2016_08_17_225409_add_status_cms_users',1),
(12,'2016_08_20_125418_add_table_cms_notifications',1),
(13,'2016_09_04_033706_add_table_cms_email_queues',1),
(14,'2016_09_16_035347_add_group_setting',1),
(15,'2016_09_16_045425_add_label_setting',1),
(16,'2016_09_17_104728_create_nullable_cms_apicustom',1),
(17,'2016_10_01_141740_add_method_type_apicustom',1),
(18,'2016_10_01_141846_add_parameters_apicustom',1),
(19,'2016_10_01_141934_add_responses_apicustom',1),
(20,'2016_10_01_144826_add_table_apikey',1),
(21,'2016_11_14_141657_create_cms_menus',1),
(22,'2016_11_15_132350_create_cms_email_templates',1),
(23,'2016_11_15_190410_create_cms_statistics',1),
(24,'2016_11_17_102740_create_cms_statistic_components',1),
(25,'2017_06_06_164501_add_deleted_at_cms_moduls',1),
(26,'2019_01_02_065700_create_countries_table',2),
(27,'2019_01_02_065800_create_farms_table',3),
(28,'2019_01_02_065900_create_userfarms_table',4),
(29,'2019_01_03_065800_create_ponds_table',5),
(30,'2019_01_04_065800_create_works_table',6),
(34,'2019_02_20_043906_create_aquacultures_table',10),
(39,'2019_02_20_065800_create_shrimpstates_table',12),
(40,'2019_01_07_065800_create_pondstates_table',13),
(41,'2019_01_11_065800_create_pondminmaxs_table',13),
(42,'2019_02_28_041157_update_ebi_shrimp_states_add_column',14),
(43,'2019_02_28_041700_update_ebi_aquacultures_add_column',14),
(44,'2019_02_28_070324_update_ebi_pond_states_add_column',14),
(45,'2019_02_28_075103_update_ebi_minmaxs_add_columns',14),
(47,'2019_03_05_061322_update_ebi_aquacultures_add_column',15),
(48,'2019_03_08_070324_update_ebi_pond_states_add_column',15),
(49,'2019_03_08_075103_update_ebi_minmaxs_add_columns',15),
(51,'2019_03_08_075103_update_ebi_ponds',16),
(52,'2019_03_08_075103_update_ebi_farms',17),
(53,'2019_03_11_071331_update_ebi_pond_states_add_columns',18),
(54,'2019_03_11_071331_update_ebi_minmaxs_add_columns',19),
(56,'2019_03_12_071331_update_ebi_pond_states_add_columns',20),
(57,'2019_03_12_075103_update_ebi_ponds',21),
(58,'2019_03_18_065800_create_importlog_table',22),
(59,'2019_03_19_065800_update_shrimpstates_table',23),
(60,'2019_03_19_061322_update_ebi_aquacultures',24),
(61,'2019_03_21_061322_update_ebi_aquacultures_remove_column',25),
(62,'2019_03_21_061322_update_database',26),
(63,'2019_04_11_061322_create_pond_alerts_table',27),
(66,'2019_04_12_071602_create_tags_table',29),
(69,'2019_04_17_032812_update_user_table',31),
(70,'2019_04_19_071925_create_jobs_table',31),
(71,'2019_04_12_061322_scan_pond_states_table',32),
(72,'2019_11_19_071331_update_ebi_pond_states_add_columns',33);


/*養殖方法*/
insert into  aquaculture_method(`id`, `method`, `grade`)VALUES(5,'method1',3);
/*エビ種類*/
insert into  ebi_kind(`id`,`kind`, `training_period`, `price`, `aquaculture_method_id`)VALUES(6,'ebi_kind1',60,100,5);


/*Data for the table `ponds_aquacultures` */

/*Data for the table `ponds_kind` */



/*Data for the table `shipment` */

/*Data for the table `threshold_feed` */
INSERT INTO threshold_feed
 (`date`, `weight`, `ebi_kind_id`, `aquaculture_method_id`, `created_at`,`updated_at`)
VALUES 
 (1, 2, 6, 5, '2020-12-01 00:00:00', '2020-12-01 00:00:00'),
 (2, 4, 6, 5, '2020-12-01 00:00:00', '2020-12-01 00:00:01'),
 (3, 6, 6, 5, '2020-12-01 00:00:00', '2020-12-01 00:00:01'),
 (4, 8, 6, 5, '2020-12-01 00:00:00', '2020-12-01 00:00:02'),
 (5, 10, 6, 5, '2020-12-01 00:00:00', '2020-12-01 00:00:02'),
 (6, 12, 6, 5, '2020-12-01 00:00:00', '2020-12-01 00:00:03'),
 (7, 14, 6, 5, '2020-12-01 00:00:00', '2020-12-01 00:00:03'),
 (8, 16, 6, 5, '2020-12-01 00:00:00', '2020-12-01 00:00:04'),
 (9, 18, 6, 5, '2020-12-01 00:00:00', '2020-12-01 00:00:04'),
 (10, 20, 6, 5, '2020-12-01 00:00:00', '2020-12-01 00:00:05'),
 (11, 22, 6, 5, '2020-12-01 00:00:00', '2020-12-01 00:00:05'),
 (12, 24, 6, 5, '2020-12-01 00:00:00', '2020-12-01 00:00:06'),
 (13, 26, 6, 5, '2020-12-01 00:00:00', '2020-12-01 00:00:06'),
 (14, 28, 6, 5, '2020-12-01 00:00:00', '2020-12-01 00:00:07'),
 (15, 30, 6, 5, '2020-12-01 00:00:00', '2020-12-01 00:00:07'),
 (16, 32, 6, 5, '2020-12-01 00:00:00', '2020-12-01 00:00:08'),
 (17, 34, 6, 5, '2020-12-01 00:00:00', '2020-12-01 00:00:08'),
 (18, 36, 6, 5, '2020-12-01 00:00:00', '2020-12-01 00:00:09'),
 (19, 38, 6, 5, '2020-12-01 00:00:00', '2020-12-01 00:00:09'),
 (20, 40, 6, 5, '2020-12-01 00:00:00', '2020-12-01 00:00:10'),
 (21, 42, 6, 5, '2020-12-01 00:00:00', '2020-12-01 00:00:10'),
 (22, 44, 6, 5, '2020-12-01 00:00:00', '2020-12-01 00:00:11'),
 (23, 46, 6, 5, '2020-12-01 00:00:00', '2020-12-01 00:00:11'),
 (24, 48, 6, 5, '2020-12-01 00:00:00', '2020-12-01 00:00:12'),
 (25, 50, 6, 5, '2020-12-01 00:00:00', '2020-12-01 00:00:12'),
 (26, 52, 6, 5, '2020-12-01 00:00:00', '2020-12-01 00:00:13'),
 (27, 54, 6, 5, '2020-12-01 00:00:00', '2020-12-01 00:00:13'),
 (28, 56, 6, 5, '2020-12-01 00:00:00', '2020-12-01 00:00:14'),
 (29, 58, 6, 5, '2020-12-01 00:00:00', '2020-12-01 00:00:14'),
 (30, 60, 6, 5, '2020-12-01 00:00:00', '2020-12-01 00:00:15'),
 (31, 62, 6, 5, '2020-12-01 00:00:00', '2020-12-01 00:00:15'),
 (32, 64, 6, 5, '2020-12-01 00:00:00', '2020-12-01 00:00:16'),
 (33, 66, 6, 5, '2020-12-01 00:00:00', '2020-12-01 00:00:16'),
 (34, 68, 6, 5, '2020-12-01 00:00:00', '2020-12-01 00:00:17'),
 (35, 70, 6, 5, '2020-12-01 00:00:00', '2020-12-01 00:00:17'),
 (36, 72, 6, 5, '2020-12-01 00:00:00', '2020-12-01 00:00:18'),
 (37, 74, 6, 5, '2020-12-01 00:00:00', '2020-12-01 00:00:18'),
 (38, 76, 6, 5, '2020-12-01 00:00:00', '2020-12-01 00:00:19'),
 (39, 78, 6, 5, '2020-12-01 00:00:00', '2020-12-01 00:00:19'),
 (40, 80, 6, 5, '2020-12-01 00:00:00', '2020-12-01 00:00:20'),
 (41, 82, 6, 5, '2020-12-01 00:00:00', '2020-12-01 00:00:20'),
 (42, 84, 6, 5, '2020-12-01 00:00:00', '2020-12-01 00:00:21'),
 (43, 86, 6, 5, '2020-12-01 00:00:00', '2020-12-01 00:00:21'),
 (44, 88, 6, 5, '2020-12-01 00:00:00', '2020-12-01 00:00:22'),
 (45, 90, 6, 5, '2020-12-01 00:00:00', '2020-12-01 00:00:22'),
 (46, 92, 6, 5, '2020-12-01 00:00:00', '2020-12-01 00:00:23'),
 (47, 94, 6, 5, '2020-12-01 00:00:00', '2020-12-01 00:00:23'),
 (48, 96, 6, 5, '2020-12-01 00:00:00', '2020-12-01 00:00:24'),
 (49, 98, 6, 5, '2020-12-01 00:00:00', '2020-12-01 00:00:24'),
 (50, 100, 6, 5, '2020-12-01 00:00:00', '2020-12-01 00:00:25'),
 (51, 102, 6, 5, '2020-12-01 00:00:00', '2020-12-01 00:00:25'),
 (52, 104, 6, 5, '2020-12-01 00:00:00', '2020-12-01 00:00:26'),
 (53, 106, 6, 5, '2020-12-01 00:00:00', '2020-12-01 00:00:26'),
 (54, 108, 6, 5, '2020-12-01 00:00:00', '2020-12-01 00:00:27'),
 (55, 110, 6, 5, '2020-12-01 00:00:00', '2020-12-01 00:00:27'),
 (56, 112, 6, 5, '2020-12-01 00:00:00', '2020-12-01 00:00:28'),
 (57, 114, 6, 5, '2020-12-01 00:00:00', '2020-12-01 00:00:28'),
 (58, 116, 6, 5, '2020-12-01 00:00:00', '2020-12-01 00:00:29'),
 (59, 118, 6, 5, '2020-12-01 00:00:00', '2020-12-01 00:00:29'),
 (60, 120, 6, 5, '2020-12-01 00:00:00', '2020-12-01 00:00:30'),
 (61, 122, 6, 5, '2020-12-01 00:00:00', '2020-12-01 00:00:30'),
 (62, 124, 6, 5, '2020-12-01 00:00:00', '2020-12-01 00:00:31'),
 (63, 126, 6, 5, '2020-12-01 00:00:00', '2020-12-01 00:00:31'),
 (64, 128, 6, 5, '2020-12-01 00:00:00', '2020-12-01 00:00:32'),
 (65, 130, 6, 5, '2020-12-01 00:00:00', '2020-12-01 00:00:32'),
 (66, 132, 6, 5, '2020-12-01 00:00:00', '2020-12-01 00:00:33'),
 (67, 134, 6, 5, '2020-12-01 00:00:00', '2020-12-01 00:00:33'),
 (68, 136, 6, 5, '2020-12-01 00:00:00', '2020-12-01 00:00:34'),
 (69, 138, 6, 5, '2020-12-01 00:00:00', '2020-12-01 00:00:34'),
 (70, 140, 6, 5, '2020-12-01 00:00:00', '2020-12-01 00:00:35'),
 (71, 142, 6, 5, '2020-12-01 00:00:00', '2020-12-01 00:00:35'),
 (72, 144, 6, 5, '2020-12-01 00:00:00', '2020-12-01 00:00:36'),
 (73, 146, 6, 5, '2020-12-01 00:00:00', '2020-12-01 00:00:36'),
 (74, 148, 6, 5, '2020-12-01 00:00:00', '2020-12-01 00:00:37'),
 (75, 150, 6, 5, '2020-12-01 00:00:00', '2020-12-01 00:00:37'),
 (76, 152, 6, 5, '2020-12-01 00:00:00', '2020-12-01 00:00:38'),
 (77, 154, 6, 5, '2020-12-01 00:00:00', '2020-12-01 00:00:38'),
 (78, 156, 6, 5, '2020-12-01 00:00:00', '2020-12-01 00:00:39'),
 (79, 158, 6, 5, '2020-12-01 00:00:00', '2020-12-01 00:00:39'),
 (80, 160, 6, 5, '2020-12-01 00:00:00', '2020-12-01 00:00:40');

/*Data for the table `threshold_grow` */
INSERT INTO threshold_grow
 (`date`, `weight`, `ebi_kind_id`, `aquaculture_method_id`, `created_at`, `updated_at`)
VALUES 
 (1, 20, 6, 5, '2020-12-01 00:00:00', '2020-12-01 00:00:00'),
 (2, 22, 6, 5, '2020-12-01 00:00:00', '2020-12-01 00:00:01'),
 (3, 24, 6, 5, '2020-12-01 00:00:00', '2020-12-01 00:00:01'),
 (4, 28, 6, 5, '2020-12-01 00:00:00', '2020-12-01 00:00:02'),
 (5, 30, 6, 5, '2020-12-01 00:00:00', '2020-12-01 00:00:02'),
 (6, 32, 6, 5, '2020-12-01 00:00:00', '2020-12-01 00:00:03'),
 (7, 34, 6, 5, '2020-12-01 00:00:00', '2020-12-01 00:00:03'),
 (8, 36, 6, 5, '2020-12-01 00:00:00', '2020-12-01 00:00:04'),
 (9, 38, 6, 5, '2020-12-01 00:00:00', '2020-12-01 00:00:04'),
 (10, 40, 6, 5, '2020-12-01 00:00:00', '2020-12-01 00:00:05'),
 (11, 42, 6, 5, '2020-12-01 00:00:00', '2020-12-01 00:00:05'),
 (12, 44, 6, 5, '2020-12-01 00:00:00', '2020-12-01 00:00:06'),
 (13, 46, 6, 5, '2020-12-01 00:00:00', '2020-12-01 00:00:06'),
 (14, 48, 6, 5, '2020-12-01 00:00:00', '2020-12-01 00:00:07'),
 (15, 50, 6, 5, '2020-12-01 00:00:00', '2020-12-01 00:00:07'),
 (16, 52, 6, 5, '2020-12-01 00:00:00', '2020-12-01 00:00:08'),
 (17, 54, 6, 5, '2020-12-01 00:00:00', '2020-12-01 00:00:08'),
 (18, 56, 6, 5, '2020-12-01 00:00:00', '2020-12-01 00:00:09'),
 (19, 58, 6, 5, '2020-12-01 00:00:00', '2020-12-01 00:00:09'),
 (20, 60, 6, 5, '2020-12-01 00:00:00', '2020-12-01 00:00:10'),
 (21, 62, 6, 5, '2020-12-01 00:00:00', '2020-12-01 00:00:10'),
 (22, 64, 6, 5, '2020-12-01 00:00:00', '2020-12-01 00:00:11'),
 (23, 66, 6, 5, '2020-12-01 00:00:00', '2020-12-01 00:00:11'),
 (24, 58, 6, 5, '2020-12-01 00:00:00', '2020-12-01 00:00:12'),
 (25, 60, 6, 5, '2020-12-01 00:00:00', '2020-12-01 00:00:12'),
 (26, 62, 6, 5, '2020-12-01 00:00:00', '2020-12-01 00:00:13'),
 (27, 64, 6, 5, '2020-12-01 00:00:00', '2020-12-01 00:00:13'),
 (28, 66, 6, 5, '2020-12-01 00:00:00', '2020-12-01 00:00:14'),
 (29, 68, 6, 5, '2020-12-01 00:00:00', '2020-12-01 00:00:14'),
 (30, 70, 6, 5, '2020-12-01 00:00:00', '2020-12-01 00:00:15'),
 (31, 72, 6, 5, '2020-12-01 00:00:00', '2020-12-01 00:00:15'),
 (32, 74, 6, 5, '2020-12-01 00:00:00', '2020-12-01 00:00:16'),
 (33, 76, 6, 5, '2020-12-01 00:00:00', '2020-12-01 00:00:16'),
 (34, 78, 6, 5, '2020-12-01 00:00:00', '2020-12-01 00:00:17'),
 (35, 80, 6, 5, '2020-12-01 00:00:00', '2020-12-01 00:00:17'),
 (36, 82, 6, 5, '2020-12-01 00:00:00', '2020-12-01 00:00:18'),
 (37, 84, 6, 5, '2020-12-01 00:00:00', '2020-12-01 00:00:18'),
 (38, 86, 6, 5, '2020-12-01 00:00:00', '2020-12-01 00:00:19'),
 (39, 88, 6, 5, '2020-12-01 00:00:00', '2020-12-01 00:00:19'),
 (40, 90, 6, 5, '2020-12-01 00:00:00', '2020-12-01 00:00:20'),
 (41, 92, 6, 5, '2020-12-01 00:00:00', '2020-12-01 00:00:20'),
 (42, 94, 6, 5, '2020-12-01 00:00:00', '2020-12-01 00:00:21'),
 (43, 96, 6, 5, '2020-12-01 00:00:00', '2020-12-01 00:00:21'),
 (44, 98, 6, 5, '2020-12-01 00:00:00', '2020-12-01 00:00:22'),
 (45, 100, 6, 5, '2020-12-01 00:00:00', '2020-12-01 00:00:22'),
 (46, 102, 6, 5, '2020-12-01 00:00:00', '2020-12-01 00:00:23'),
 (47, 104, 6, 5, '2020-12-01 00:00:00', '2020-12-01 00:00:23'),
 (48, 106, 6, 5, '2020-12-01 00:00:00', '2020-12-01 00:00:24'),
 (49, 108, 6, 5, '2020-12-01 00:00:00', '2020-12-01 00:00:24'),
 (50, 110, 6, 5, '2020-12-01 00:00:00', '2020-12-01 00:00:25'),
 (51, 112, 6, 5, '2020-12-01 00:00:00', '2020-12-01 00:00:25'),
 (52, 114, 6, 5, '2020-12-01 00:00:00', '2020-12-01 00:00:26'),
 (53, 116, 6, 5, '2020-12-01 00:00:00', '2020-12-01 00:00:26'),
 (54, 118, 6, 5, '2020-12-01 00:00:00', '2020-12-01 00:00:27'),
 (55, 120, 6, 5, '2020-12-01 00:00:00', '2020-12-01 00:00:27'),
 (56, 122, 6, 5, '2020-12-01 00:00:00', '2020-12-01 00:00:28'),
 (57, 124, 6, 5, '2020-12-01 00:00:00', '2020-12-01 00:00:28'),
 (58, 126, 6, 5, '2020-12-01 00:00:00', '2020-12-01 00:00:29'),
 (59, 128, 6, 5, '2020-12-01 00:00:00', '2020-12-01 00:00:29'),
 (60, 130, 6, 5, '2020-12-01 00:00:00', '2020-12-01 00:00:30'),
 (61, 132, 6, 5, '2020-12-01 00:00:00', '2020-12-01 00:00:30'),
 (62, 134, 6, 5, '2020-12-01 00:00:00', '2020-12-01 00:00:31'),
 (63, 136, 6, 5, '2020-12-01 00:00:00', '2020-12-01 00:00:31'),
 (64, 138, 6, 5, '2020-12-01 00:00:00', '2020-12-01 00:00:32'),
 (65, 140, 6, 5, '2020-12-01 00:00:00', '2020-12-01 00:00:32'),
 (66, 142, 6, 5, '2020-12-01 00:00:00', '2020-12-01 00:00:33'),
 (67, 144, 6, 5, '2020-12-01 00:00:00', '2020-12-01 00:00:33'),
 (68, 146, 6, 5, '2020-12-01 00:00:00', '2020-12-01 00:00:34'),
 (69, 148, 6, 5, '2020-12-01 00:00:00', '2020-12-01 00:00:34'),
 (70, 150, 6, 5, '2020-12-01 00:00:00', '2020-12-01 00:00:35'),
 (71, 152, 6, 5, '2020-12-01 00:00:00', '2020-12-01 00:00:35'),
 (72, 154, 6, 5, '2020-12-01 00:00:00', '2020-12-01 00:00:36'),
 (73, 156, 6, 5, '2020-12-01 00:00:00', '2020-12-01 00:00:36'),
 (74, 158, 6, 5, '2020-12-01 00:00:00', '2020-12-01 00:00:37'),
 (75, 160, 6, 5, '2020-12-01 00:00:00', '2020-12-01 00:00:37'),
 (76, 162, 6, 5, '2020-12-01 00:00:00', '2020-12-01 00:00:38'),
 (77, 164, 6, 5, '2020-12-01 00:00:00', '2020-12-01 00:00:38'),
 (78, 166, 6, 5, '2020-12-01 00:00:00', '2020-12-01 00:00:39'),
 (79, 168, 6, 5, '2020-12-01 00:00:00', '2020-12-01 00:00:39'),
 (80, 170, 6, 5, '2020-12-01 00:00:00', '2020-12-01 00:00:40');

/*Data for the table `Threshold_fcr` */
INSERT INTO threshold_fcr
 (`date`, `fcr`, `ebi_kind_id`, `aquaculture_method_id`, `created_at`, `updated_at`)
VALUES 
(1, 1.2, 6, 5, '2020-12-01 00:00:00', '2020-12-01 00:00:00'),
(2, 1.2, 6, 5, '2020-12-01 00:00:00', '2020-12-01 00:00:01'),
(3, 1.2, 6, 5, '2020-12-01 00:00:00', '2020-12-01 00:00:01'),
(4, 1.2, 6, 5, '2020-12-01 00:00:00', '2020-12-01 00:00:02'),
(5, 1.2, 6, 5, '2020-12-01 00:00:00', '2020-12-01 00:00:02'),
(6, 1.2, 6, 5, '2020-12-01 00:00:00', '2020-12-01 00:00:03'),
(7, 1.2, 6, 5, '2020-12-01 00:00:00', '2020-12-01 00:00:03'),
(8, 1.2, 6, 5, '2020-12-01 00:00:00', '2020-12-01 00:00:04'),
(9, 1.2, 6, 5, '2020-12-01 00:00:00', '2020-12-01 00:00:04'),
(10, 1.3, 6, 5, '2020-12-01 00:00:00', '2020-12-01 00:00:05'),
(11, 1.3, 6, 5, '2020-12-01 00:00:00', '2020-12-01 00:00:05'),
(12, 1.3, 6, 5, '2020-12-01 00:00:00', '2020-12-01 00:00:06'),
(13, 1.3, 6, 5, '2020-12-01 00:00:00', '2020-12-01 00:00:06'),
(14, 1.3, 6, 5, '2020-12-01 00:00:00', '2020-12-01 00:00:07'),
(15, 1.3, 6, 5, '2020-12-01 00:00:00', '2020-12-01 00:00:07'),
(16, 1.3, 6, 5, '2020-12-01 00:00:00', '2020-12-01 00:00:08'),
(17, 1.3, 6, 5, '2020-12-01 00:00:00', '2020-12-01 00:00:08'),
(18, 1.3, 6, 5, '2020-12-01 00:00:00', '2020-12-01 00:00:09'),
(19, 1.3, 6, 5, '2020-12-01 00:00:00', '2020-12-01 00:00:09'),
(20, 1.3, 6, 5, '2020-12-01 00:00:00', '2020-12-01 00:00:10'),
(21, 1.3, 6, 5, '2020-12-01 00:00:00', '2020-12-01 00:00:10'),
(22, 1.3, 6, 5, '2020-12-01 00:00:00', '2020-12-01 00:00:11'),
(23, 1.3, 6, 5, '2020-12-01 00:00:00', '2020-12-01 00:00:11'),
(24, 1.3, 6, 5, '2020-12-01 00:00:00', '2020-12-01 00:00:12'),
(25, 1.3, 6, 5, '2020-12-01 00:00:00', '2020-12-01 00:00:12'),
(26, 1.3, 6, 5, '2020-12-01 00:00:00', '2020-12-01 00:00:13'),
(27, 1.3, 6, 5, '2020-12-01 00:00:00', '2020-12-01 00:00:13'),
(28, 1.4, 6, 5, '2020-12-01 00:00:00', '2020-12-01 00:00:14'),
(29, 1.4, 6, 5, '2020-12-01 00:00:00', '2020-12-01 00:00:14'),
(30, 1.4, 6, 5, '2020-12-01 00:00:00', '2020-12-01 00:00:15'),
(31, 1.4, 6, 5, '2020-12-01 00:00:00', '2020-12-01 00:00:15'),
(32, 1.4, 6, 5, '2020-12-01 00:00:00', '2020-12-01 00:00:16'),
(33, 1.4, 6, 5, '2020-12-01 00:00:00', '2020-12-01 00:00:16'),
(34, 1.4, 6, 5, '2020-12-01 00:00:00', '2020-12-01 00:00:17'),
(35, 1.4, 6, 5, '2020-12-01 00:00:00', '2020-12-01 00:00:17'),
(36, 1.4, 6, 5, '2020-12-01 00:00:00', '2020-12-01 00:00:18'),
(37, 1.4, 6, 5, '2020-12-01 00:00:00', '2020-12-01 00:00:18'),
(38, 1.4, 6, 5, '2020-12-01 00:00:00', '2020-12-01 00:00:19'),
(39, 1.4, 6, 5, '2020-12-01 00:00:00', '2020-12-01 00:00:19'),
(40, 1.4, 6, 5, '2020-12-01 00:00:00', '2020-12-01 00:00:20'),
(41, 1.4, 6, 5, '2020-12-01 00:00:00', '2020-12-01 00:00:20'),
(42, 1.5, 6, 5, '2020-12-01 00:00:00', '2020-12-01 00:00:21'),
(43, 1.5, 6, 5, '2020-12-01 00:00:00', '2020-12-01 00:00:21'),
(44, 1.5, 6, 5, '2020-12-01 00:00:00', '2020-12-01 00:00:22'),
(45, 1.5, 6, 5, '2020-12-01 00:00:00', '2020-12-01 00:00:22'),
(46, 1.5, 6, 5, '2020-12-01 00:00:00', '2020-12-01 00:00:23'),
(47, 1.5, 6, 5, '2020-12-01 00:00:00', '2020-12-01 00:00:23'),
(48, 1.5, 6, 5, '2020-12-01 00:00:00', '2020-12-01 00:00:24'),
(49, 1.5, 6, 5, '2020-12-01 00:00:00', '2020-12-01 00:00:24'),
(50, 1.5, 6, 5, '2020-12-01 00:00:00', '2020-12-01 00:00:25'),
(51, 1.5, 6, 5, '2020-12-01 00:00:00', '2020-12-01 00:00:25'),
(52, 1.5, 6, 5, '2020-12-01 00:00:00', '2020-12-01 00:00:26'),
(53, 1.6, 6, 5, '2020-12-01 00:00:00', '2020-12-01 00:00:26'),
(54, 1.6, 6, 5, '2020-12-01 00:00:00', '2020-12-01 00:00:27'),
(55, 1.6, 6, 5, '2020-12-01 00:00:00', '2020-12-01 00:00:27'),
(56, 1.6, 6, 5, '2020-12-01 00:00:00', '2020-12-01 00:00:28'),
(57, 1.6, 6, 5, '2020-12-01 00:00:00', '2020-12-01 00:00:28'),
(58, 1.6, 6, 5, '2020-12-01 00:00:00', '2020-12-01 00:00:29'),
(59, 1.6, 6, 5, '2020-12-01 00:00:00', '2020-12-01 00:00:29'),
(60, 1.6, 6, 5, '2020-12-01 00:00:00', '2020-12-01 00:00:30'),
(61, 1.7, 6, 5, '2020-12-01 00:00:00', '2020-12-01 00:00:30'),
(62, 1.7, 6, 5, '2020-12-01 00:00:00', '2020-12-01 00:00:31'),
(63, 1.7, 6, 5, '2020-12-01 00:00:00', '2020-12-01 00:00:31'),
(64, 1.7, 6, 5, '2020-12-01 00:00:00', '2020-12-01 00:00:32'),
(65, 1.7, 6, 5, '2020-12-01 00:00:00', '2020-12-01 00:00:32'),
(66, 1.7, 6, 5, '2020-12-01 00:00:00', '2020-12-01 00:00:33'),
(67, 1.7, 6, 5, '2020-12-01 00:00:00', '2020-12-01 00:00:33'),
(68, 1.7, 6, 5, '2020-12-01 00:00:00', '2020-12-01 00:00:34'),
(69, 1.7, 6, 5, '2020-12-01 00:00:00', '2020-12-01 00:00:34'),
(70, 1.7, 6, 5, '2020-12-01 00:00:00', '2020-12-01 00:00:35'),
(71, 1.8, 6, 5, '2020-12-01 00:00:00', '2020-12-01 00:00:35'),
(72, 1.8, 6, 5, '2020-12-01 00:00:00', '2020-12-01 00:00:36'),
(73, 1.8, 6, 5, '2020-12-01 00:00:00', '2020-12-01 00:00:36'),
(74, 1.8, 6, 5, '2020-12-01 00:00:00', '2020-12-01 00:00:37'),
(75, 1.8, 6, 5, '2020-12-01 00:00:00', '2020-12-01 00:00:37'),
(76, 1.9, 6, 5, '2020-12-01 00:00:00', '2020-12-01 00:00:38'),
(77, 1.9, 6, 5, '2020-12-01 00:00:00', '2020-12-01 00:00:38'),
(78, 1.9, 6, 5, '2020-12-01 00:00:00', '2020-12-01 00:00:39'),
(79, 1.9, 6, 5, '2020-12-01 00:00:00', '2020-12-01 00:00:39'),
(80, 1.9, 6, 5, '2020-12-01 00:00:00', '2020-12-01 00:00:40');


/*Data for the table `Threshold_adg` */
insert into threshold_adg
 (`date`, `adg`, `ebi_kind_id`, `aquaculture_method_id`, `created_at`, `updated_at`)
VALUES 
 (1, 0.3, 6, 5, '2020-12-01 00:00:00', '2020-12-01 00:00:00'),
 (2, 0.3, 6, 5, '2020-12-01 00:00:00', '2020-12-01 00:00:01'),
 (3, 0.3, 6, 5, '2020-12-01 00:00:00', '2020-12-01 00:00:01'),
 (4, 0.3, 6, 5, '2020-12-01 00:00:00', '2020-12-01 00:00:02'),
 (5, 0.3, 6, 5, '2020-12-01 00:00:00', '2020-12-01 00:00:02'),
 (6, 0.3, 6, 5, '2020-12-01 00:00:00', '2020-12-01 00:00:03'),
 (7, 0.3, 6, 5, '2020-12-01 00:00:00', '2020-12-01 00:00:03'),
 (8, 0.3, 6, 5, '2020-12-01 00:00:00', '2020-12-01 00:00:04'),
 (9, 0.3, 6, 5, '2020-12-01 00:00:00', '2020-12-01 00:00:04'),
 (10, 0.3, 6, 5, '2020-12-01 00:00:00', '2020-12-01 00:00:05'),
 (11, 0.3, 6, 5, '2020-12-01 00:00:00', '2020-12-01 00:00:05'),
 (12, 0.3, 6, 5, '2020-12-01 00:00:00', '2020-12-01 00:00:06'),
 (13, 0.3, 6, 5, '2020-12-01 00:00:00', '2020-12-01 00:00:06'),
 (14, 0.3, 6, 5, '2020-12-01 00:00:00', '2020-12-01 00:00:07'),
 (15, 0.4, 6, 5, '2020-12-01 00:00:00', '2020-12-01 00:00:07'),
 (16, 0.4, 6, 5, '2020-12-01 00:00:00', '2020-12-01 00:00:08'),
 (17, 0.4, 6, 5, '2020-12-01 00:00:00', '2020-12-01 00:00:08'),
 (18, 0.4, 6, 5, '2020-12-01 00:00:00', '2020-12-01 00:00:09'),
 (19, 0.4, 6, 5, '2020-12-01 00:00:00', '2020-12-01 00:00:09'),
 (20, 0.4, 6, 5, '2020-12-01 00:00:00', '2020-12-01 00:00:10'),
 (21, 0.4, 6, 5, '2020-12-01 00:00:00', '2020-12-01 00:00:10'),
 (22, 0.4, 6, 5, '2020-12-01 00:00:00', '2020-12-01 00:00:11'),
 (23, 0.4, 6, 5, '2020-12-01 00:00:00', '2020-12-01 00:00:11'),
 (24, 0.4, 6, 5, '2020-12-01 00:00:00', '2020-12-01 00:00:12'),
 (25, 0.4, 6, 5, '2020-12-01 00:00:00', '2020-12-01 00:00:12'),
 (26, 0.4, 6, 5, '2020-12-01 00:00:00', '2020-12-01 00:00:13'),
 (27, 0.4, 6, 5, '2020-12-01 00:00:00', '2020-12-01 00:00:13'),
 (28, 0.4, 6, 5, '2020-12-01 00:00:00', '2020-12-01 00:00:14'),
 (29, 0.4, 6, 5, '2020-12-01 00:00:00', '2020-12-01 00:00:14'),
 (30, 0.4, 6, 5, '2020-12-01 00:00:00', '2020-12-01 00:00:15'),
 (31, 0.4, 6, 5, '2020-12-01 00:00:00', '2020-12-01 00:00:15'),
 (32, 0.4, 6, 5, '2020-12-01 00:00:00', '2020-12-01 00:00:16'),
 (33, 0.4, 6, 5, '2020-12-01 00:00:00', '2020-12-01 00:00:16'),
 (34, 0.4, 6, 5, '2020-12-01 00:00:00', '2020-12-01 00:00:17'),
 (35, 0.4, 6, 5, '2020-12-01 00:00:00', '2020-12-01 00:00:17'),
 (36, 0.4, 6, 5, '2020-12-01 00:00:00', '2020-12-01 00:00:18'),
 (37, 0.4, 6, 5, '2020-12-01 00:00:00', '2020-12-01 00:00:18'),
 (38, 0.4, 6, 5, '2020-12-01 00:00:00', '2020-12-01 00:00:19'),
 (39, 0.4, 6, 5, '2020-12-01 00:00:00', '2020-12-01 00:00:19'),
 (40, 0.4, 6, 5, '2020-12-01 00:00:00', '2020-12-01 00:00:20'),
 (41, 0.4, 6, 5, '2020-12-01 00:00:00', '2020-12-01 00:00:20'),
 (42, 0.5, 6, 5, '2020-12-01 00:00:00', '2020-12-01 00:00:21'),
 (43, 0.5, 6, 5, '2020-12-01 00:00:00', '2020-12-01 00:00:21'),
 (44, 0.5, 6, 5, '2020-12-01 00:00:00', '2020-12-01 00:00:22'),
 (45, 0.5, 6, 5, '2020-12-01 00:00:00', '2020-12-01 00:00:22'),
 (46, 0.5, 6, 5, '2020-12-01 00:00:00', '2020-12-01 00:00:23'),
 (47, 0.5, 6, 5, '2020-12-01 00:00:00', '2020-12-01 00:00:23'),
 (48, 0.5, 6, 5, '2020-12-01 00:00:00', '2020-12-01 00:00:24'),
 (49, 0.5, 6, 5, '2020-12-01 00:00:00', '2020-12-01 00:00:24'),
 (50, 0.5, 6, 5, '2020-12-01 00:00:00', '2020-12-01 00:00:25'),
 (51, 0.5, 6, 5, '2020-12-01 00:00:00', '2020-12-01 00:00:25'),
 (52, 0.5, 6, 5, '2020-12-01 00:00:00', '2020-12-01 00:00:26'),
 (53, 0.5, 6, 5, '2020-12-01 00:00:00', '2020-12-01 00:00:26'),
 (54, 0.5, 6, 5, '2020-12-01 00:00:00', '2020-12-01 00:00:27'),
 (55, 0.5, 6, 5, '2020-12-01 00:00:00', '2020-12-01 00:00:27'),
 (56, 0.5, 6, 5, '2020-12-01 00:00:00', '2020-12-01 00:00:28'),
 (57, 0.5, 6, 5, '2020-12-01 00:00:00', '2020-12-01 00:00:28'),
 (58, 0.5, 6, 5, '2020-12-01 00:00:00', '2020-12-01 00:00:29'),
 (59, 0.5, 6, 5, '2020-12-01 00:00:00', '2020-12-01 00:00:29'),
 (60, 0.5, 6, 5, '2020-12-01 00:00:00', '2020-12-01 00:00:30'),
 (61, 0.5, 6, 5, '2020-12-01 00:00:00', '2020-12-01 00:00:30'),
 (62, 0.5, 6, 5, '2020-12-01 00:00:00', '2020-12-01 00:00:31'),
 (63, 0.5, 6, 5, '2020-12-01 00:00:00', '2020-12-01 00:00:31'),
 (64, 0.5, 6, 5, '2020-12-01 00:00:00', '2020-12-01 00:00:32'),
 (65, 0.5, 6, 5, '2020-12-01 00:00:00', '2020-12-01 00:00:32'),
 (66, 0.5, 6, 5, '2020-12-01 00:00:00', '2020-12-01 00:00:33'),
 (67, 0.5, 6, 5, '2020-12-01 00:00:00', '2020-12-01 00:00:33'),
 (68, 0.5, 6, 5, '2020-12-01 00:00:00', '2020-12-01 00:00:34'),
 (69, 0.5, 6, 5, '2020-12-01 00:00:00', '2020-12-01 00:00:34'),
 (70, 0.5, 6, 5, '2020-12-01 00:00:00', '2020-12-01 00:00:35'),
 (71, 0.5, 6, 5, '2020-12-01 00:00:00', '2020-12-01 00:00:35'),
 (72, 0.5, 6, 5, '2020-12-01 00:00:00', '2020-12-01 00:00:36'),
 (73, 0.5, 6, 5, '2020-12-01 00:00:00', '2020-12-01 00:00:36'),
 (74, 0.5, 6, 5, '2020-12-01 00:00:00', '2020-12-01 00:00:37'),
 (75, 0.5, 6, 5, '2020-12-01 00:00:00', '2020-12-01 00:00:37'),
 (76, 0.5, 6, 5, '2020-12-01 00:00:00', '2020-12-01 00:00:38'),
 (77, 0.5, 6, 5, '2020-12-01 00:00:00', '2020-12-01 00:00:38'),
 (78, 0.5, 6, 5, '2020-12-01 00:00:00', '2020-12-01 00:00:39'),
 (79, 0.5, 6, 5, '2020-12-01 00:00:00', '2020-12-01 00:00:39'),
 (80, 0.5, 6, 5, '2020-12-01 00:00:00', '2020-12-01 00:00:40');

/*Data for the table `versions` */

/*Data for the table `weather` */

/*Data for the table `years_report` */

/*!40101 SET SQL_MODE=@OLD_SQL_MODE */;
/*!40014 SET FOREIGN_KEY_CHECKS=@OLD_FOREIGN_KEY_CHECKS */;
/*!40014 SET UNIQUE_CHECKS=@OLD_UNIQUE_CHECKS */;
/*!40111 SET SQL_NOTES=@OLD_SQL_NOTES */;
